Frame Number, Timestamp
55909756, 22374634.003753
55909757, 22374634.051329
55909758, 22374634.074739
55909759, 22374634.091352
55909760, 22374634.106833
55909761, 22374634.116650
55909762, 22374634.127978
55909763, 22374634.191411
55909764, 22374634.212933
55909765, 22374634.224638
55909766, 22374639.813595
55909767, 22374648.285762
55909768, 22374656.322578
55909769, 22374664.983913
55909770, 22374673.383206
55909771, 22374681.655633
55909772, 22374690.735705
55909773, 22374698.089099
55909774, 22374706.415519
55909775, 22374714.741562
55909776, 22374723.311522
55909777, 22374731.395158
55909778, 22374739.948505
55909779, 22374748.069521
55909780, 22374756.605877
55909781, 22374764.689513
55909782, 22374772.866788
55909783, 22374781.421646
55909784, 22374789.920621
55909785, 22374798.113755
55909786, 22374806.365792
55909787, 22374814.754891
55909788, 22374823.443789
55909789, 22374831.425478
55909790, 22374839.845539
55909791, 22374848.105505
55909792, 22374856.813282
55909793, 22374864.907868
55909794, 22374872.924294
55909795, 22374881.624898
55909796, 22374889.860321
55909797, 22374898.175036
55909798, 22374906.760100
55909799, 22374914.756892
55909800, 22374923.472221
55909801, 22374931.638925
55909802, 22374939.850560
55909803, 22374947.985925
55909804, 22374956.683508
55909805, 22374964.777716
55909806, 22374973.399782
55909807, 22374982.580291
55909808, 22374989.788694
55909809, 22374998.289934
55909810, 22375006.668461
55909811, 22375014.670917
55909812, 22375022.991296
55909813, 22375031.722483
55909814, 22375039.855205
55909815, 22375048.058534
55909816, 22375056.739503
55909817, 22375064.789156
55909818, 22375073.312297
55909819, 22375081.756145
55909820, 22375089.709515
55909821, 22375098.100502
55909822, 22375106.674993
55909823, 22375114.737862
55909824, 22375123.421097
55909825, 22375132.329747
55909826, 22375139.862870
55909827, 22375148.116794
55909828, 22375156.615392
55909829, 22375165.303535
55909830, 22375173.262192
55909831, 22375181.402842
55909832, 22375189.760224
55909833, 22375198.124403
55909834, 22375206.413065
55909835, 22375214.887497
55909836, 22375223.242614
55909837, 22375231.902061
55909838, 22375239.862605
55909839, 22375249.663480
55909840, 22375257.439765
55909841, 22375264.789005
55909842, 22375273.130151
55909843, 22375281.331592
55909844, 22375289.910992
55909845, 22375298.836257
55909846, 22375306.468683
55909847, 22375315.332779
55909848, 22375323.128320
55909849, 22375331.707720
55909850, 22375339.835910
55909851, 22375348.940526
55909852, 22375356.711146
55909853, 22375365.196906
55909854, 22375373.327740
55909855, 22375382.000402
55909856, 22375391.064239
55909857, 22375398.331166
55909858, 22375406.420088
55909859, 22375414.907736
55909860, 22375423.501484
55909861, 22375431.726335
55909862, 22375439.869628
55909863, 22375448.717488
55909864, 22375456.395224
55909865, 22375464.762424
55909866, 22375473.762826
55909867, 22375481.811347
55909868, 22375490.389992
55909869, 22375498.258029
55909870, 22375506.538384
55909871, 22375514.867448
55909872, 22375523.640547
55909873, 22375531.952242
55909874, 22375540.249966
55909875, 22375548.391749
55909876, 22375556.355692
55909877, 22375564.763670
55909878, 22375573.070833
55909879, 22375582.217360
55909880, 22375589.670435
55909881, 22375598.708974
55909882, 22375606.795630
55909883, 22375615.027655
55909884, 22375623.746005
55909885, 22375631.769228
55909886, 22375639.786032
55909887, 22375648.017679
55909888, 22375656.725457
55909889, 22375664.847983
55909890, 22375673.174781
55909891, 22375681.441922
55909892, 22375689.709439
55909893, 22375698.639990
55909894, 22375706.587319
55909895, 22375714.833314
55909896, 22375722.966036
55909897, 22375734.447902
55909898, 22375739.791054
55909899, 22375748.009108
55909900, 22375756.498266
55909901, 22375765.754669
55909902, 22375773.609113
55909903, 22375781.948749
55909904, 22375789.770721
55909905, 22375798.126593
55909906, 22375806.830972
55909907, 22375815.366950
55909908, 22375823.689972
55909909, 22375831.853277
55909910, 22375839.981090
55909911, 22375848.610331
55909912, 22375856.347347
55909913, 22375864.993579
55909914, 22375873.361156
55909915, 22375881.580343
55909916, 22375889.996628
55909917, 22375898.301526
55909918, 22375906.405174
55909919, 22375914.898862
55909920, 22375923.569259
55909921, 22375932.864176
55909922, 22375939.950619
55909923, 22375948.389181
55909924, 22375956.934221
55909925, 22375964.916665
55909926, 22375973.208726
55909927, 22375981.546851
55909928, 22375989.999762
55909929, 22375998.406607
55909930, 22376006.709617
55909931, 22376014.805336
55909932, 22376024.251662
55909933, 22376032.186531
55909934, 22376039.935252
55909935, 22376048.371171
55909936, 22376056.800293
55909937, 22376064.875245
55909938, 22376073.200910
55909939, 22376081.889053
55909940, 22376090.639120
55909941, 22376098.151853
55909942, 22376106.881152
55909943, 22376114.899467
55909944, 22376123.592518
55909945, 22376132.698644
55909946, 22376140.165312
55909947, 22376148.352028
55909948, 22376156.722625
55909949, 22376164.910473
55909950, 22376173.585401
55909951, 22376181.817426
55909952, 22376189.813085
55909953, 22376198.391353
55909954, 22376206.763838
55909955, 22376214.934695
55909956, 22376223.630767
55909957, 22376232.324952
55909958, 22376239.703266
55909959, 22376248.275869
55909960, 22376256.896803
55909961, 22376264.823743
55909962, 22376273.687839
55909963, 22376282.244961
55909964, 22376289.630827
55909965, 22376298.496811
55909966, 22376306.738276
55909967, 22376314.787174
55909968, 22376323.155884
55909969, 22376331.725466
55909970, 22376339.575757
55909971, 22376348.505930
55909972, 22376357.032846
55909973, 22376365.177272
55909974, 22376372.937321
55909975, 22376381.717216
55909976, 22376389.760073
55909977, 22376398.363261
55909978, 22376406.438212
55909979, 22376414.899051
55909980, 22376423.560764
55909981, 22376432.060116
55909982, 22376439.537357
55909983, 22376447.920414
55909984, 22376456.316310
55909985, 22376464.835297
55909986, 22376472.930637
55909987, 22376481.574981
55909988, 22376489.894605
55909989, 22376498.344872
55909990, 22376506.494585
55909991, 22376514.928993
55909992, 22376523.132322
55909993, 22376531.747593
55909994, 22376539.979995
55909995, 22376548.312079
55909996, 22376556.671727
55909997, 22376565.038171
55909998, 22376573.533748
55909999, 22376581.597749
55910000, 22376589.616064
55910001, 22376598.306850
55910002, 22376606.748433
55910003, 22376614.870204
55910004, 22376623.538336
55910005, 22376631.505676
55910006, 22376639.911011
55910007, 22376648.647862
55910008, 22376656.678259
55910009, 22376665.205553
55910010, 22376673.684894
55910011, 22376681.757580
55910012, 22376689.846501
55910013, 22376698.971129
55910014, 22376706.800275
55910015, 22376714.976418
55910016, 22376723.132927
55910017, 22376731.381943
55910018, 22376739.968894
55910019, 22376748.147681
55910020, 22376756.607387
55910021, 22376764.756344
55910022, 22376772.950234
55910023, 22376781.977067
55910024, 22376789.857565
55910025, 22376798.903277
55910026, 22376806.752057
55910027, 22376814.862124
55910028, 22376822.948025
55910029, 22376832.414363
55910030, 22376840.110978
55910031, 22376850.238083
55910032, 22376857.033790
55910033, 22376865.030959
55910034, 22376873.714194
55910035, 22376881.481039
55910036, 22376889.776875
55910037, 22376899.459568
55910038, 22376906.799368
55910039, 22376916.307240
55910040, 22376923.554534
55910041, 22376932.144128
55910042, 22376940.432035
55910043, 22376948.733913
55910044, 22376956.723909
55910045, 22376965.000111
55910046, 22376973.102626
55910047, 22376982.590108
55910048, 22376989.836269
55910049, 22376998.235940
55910050, 22377006.747753
55910051, 22377014.884250
55910052, 22377023.044157
55910053, 22377031.664713
55910054, 22377040.085907
55910055, 22377048.590923
55910056, 22377056.830877
55910057, 22377064.854855
55910058, 22377073.250373
55910059, 22377081.708569
55910060, 22377090.463167
55910061, 22377098.226236
55910062, 22377106.358580
55910063, 22377114.759762
55910064, 22377122.907964
55910065, 22377131.877027
55910066, 22377139.910822
55910067, 22377148.531379
55910068, 22377156.965410
55910069, 22377164.828916
55910070, 22377173.491761
55910071, 22377182.092305
55910072, 22377189.861416
55910073, 22377198.639046
55910074, 22377206.569761
55910075, 22377214.793102
55910076, 22377223.396667
55910077, 22377231.836739
55910078, 22377239.865248
55910079, 22377248.056872
55910080, 22377256.853759
55910081, 22377265.117501
55910082, 22377273.312523
55910083, 22377282.025587
55910084, 22377290.112243
55910085, 22377299.084327
55910086, 22377306.625757
55910087, 22377315.017121
55910088, 22377324.105878
55910089, 22377331.629938
55910090, 22377340.296559
55910091, 22377349.030767
55910092, 22377357.050970
55910093, 22377365.213520
55910094, 22377373.116294
55910095, 22377381.865228
55910096, 22377390.500510
55910097, 22377398.791815
55910098, 22377406.807864
55910099, 22377414.712526
55910100, 22377423.078593
55910101, 22377431.755786
55910102, 22377439.746914
55910103, 22377448.453559
55910104, 22377456.844168
55910105, 22377464.740146
55910106, 22377473.595180
55910107, 22377481.845329
55910108, 22377489.854204
55910109, 22377498.622017
55910110, 22377506.702632
55910111, 22377514.754551
55910112, 22377523.685479
55910113, 22377531.813669
55910114, 22377540.573930
55910115, 22377548.701743
55910116, 22377557.089709
55910117, 22377564.854667
55910118, 22377573.322302
55910119, 22377581.940593
55910120, 22377589.997798
55910121, 22377598.186024
55910122, 22377606.371229
55910123, 22377614.720682
55910124, 22377623.281958
55910125, 22377631.918372
55910126, 22377639.831342
55910127, 22377648.087154
55910128, 22377656.742826
55910129, 22377664.690154
55910130, 22377673.098888
55910131, 22377681.497426
55910132, 22377689.753616
55910133, 22377697.998102
55910134, 22377706.643578
55910135, 22377714.756665
55910136, 22377723.163888
55910137, 22377731.424232
55910138, 22377739.934912
55910139, 22377748.735952
55910140, 22377756.364602
55910141, 22377764.936451
55910142, 22377773.299874
55910143, 22377781.454495
55910144, 22377789.936857
55910145, 22377798.170392
55910146, 22377808.728317
55910147, 22377815.074324
55910148, 22377823.122468
55910149, 22377832.382646
55910150, 22377839.746990
55910151, 22377848.122496
55910152, 22377856.575406
55910153, 22377864.859160
55910154, 22377874.376094
55910155, 22377881.874856
55910156, 22377889.853147
55910157, 22377898.451048
55910158, 22377906.513917
55910159, 22377919.209707
55910160, 22377924.607230
55910161, 22377933.572896
55910162, 22377940.440342
55910163, 22377949.535140
55910164, 22377956.789985
55910165, 22377964.801503
55910166, 22377973.270272
55910167, 22377981.590273
55910168, 22377990.017886
55910169, 22377998.087173
55910170, 22378006.680921
55910171, 22378014.942398
55910172, 22378023.732110
55910173, 22378031.585421
55910174, 22378040.005104
55910175, 22378048.450463
55910176, 22378056.847869
55910177, 22378064.879776
55910178, 22378073.105382
55910179, 22378081.696109
55910180, 22378090.488465
55910181, 22378098.557375
55910182, 22378106.561341
55910183, 22378114.901732
55910184, 22378123.148105
55910185, 22378131.637641
55910186, 22378140.059589
55910187, 22378148.510989
55910188, 22378156.602177
55910189, 22378164.942190
55910190, 22378173.771171
55910191, 22378181.468541
55910192, 22378189.912767
55910193, 22378198.363789
55910194, 22378207.333986
55910195, 22378215.086483
55910196, 22378224.379511
55910197, 22378232.350250
55910198, 22378240.729154
55910199, 22378248.092743
55910200, 22378257.388414
55910201, 22378265.055578
55910202, 22378273.494895
55910203, 22378281.564560
55910204, 22378290.298013
55910205, 22378298.589696
55910206, 22378306.645768
55910207, 22378315.530631
55910208, 22378323.691671
55910209, 22378331.717915
55910210, 22378340.705102
55910211, 22378348.357540
55910212, 22378356.851607
55910213, 22378365.031903
55910214, 22378373.507091
55910215, 22378382.333051
55910216, 22378390.767837
55910217, 22378398.475402
55910218, 22378406.628135
55910219, 22378414.956444
55910220, 22378423.642699
55910221, 22378432.222854
55910222, 22378439.848106
55910223, 22378448.213040
55910224, 22378456.697667
55910225, 22378464.769598
55910226, 22378473.584608
55910227, 22378481.729412
55910228, 22378489.931608
55910229, 22378498.507610
55910230, 22378506.455316
55910231, 22378514.830445
55910232, 22378523.648854
55910233, 22378531.832926
55910234, 22378539.880314
55910235, 22378548.500492
55910236, 22378556.872600
55910237, 22378564.960767
55910238, 22378573.575659
55910239, 22378582.060664
55910240, 22378589.596807
55910241, 22378598.275888
55910242, 22378606.663477
55910243, 22378615.364080
55910244, 22378623.434123
55910245, 22378631.650667
55910246, 22378639.694280
55910247, 22378648.367320
55910248, 22378656.812678
55910249, 22378664.959747
55910250, 22378673.470805
55910251, 22378681.952789
55910252, 22378689.667906
55910253, 22378698.606385
55910254, 22378706.586941
55910255, 22378714.872960
55910256, 22378723.599995
55910257, 22378731.694203
55910258, 22378741.067656
55910259, 22378747.971728
55910260, 22378756.395942
55910261, 22378764.607577
55910262, 22378773.051803
55910263, 22378781.639510
55910264, 22378790.010485
55910265, 22378798.562699
55910266, 22378806.813981
55910267, 22378814.776790
55910268, 22378823.078291
55910269, 22378831.678835
55910270, 22378839.645043
55910271, 22378848.040183
55910272, 22378856.628267
55910273, 22378864.820647
55910274, 22378873.180672
55910275, 22378881.564107
55910276, 22378890.149548
55910277, 22378898.116134
55910278, 22378906.674767
55910279, 22378915.188845
55910280, 22378923.061035
55910281, 22378932.489237
55910282, 22378939.871705
55910283, 22378950.720368
55910284, 22378956.589867
55910285, 22378964.857763
55910286, 22378973.759995
55910287, 22378981.487949
55910288, 22378989.786806
55910289, 22378998.656943
55910290, 22379006.633723
55910291, 22379015.319224
55910292, 22379023.575792
55910293, 22379031.763262
55910294, 22379039.998686
55910295, 22379048.154062
55910296, 22379056.756116
55910297, 22379064.739693
55910298, 22379073.530916
55910299, 22379081.590387
55910300, 22379090.373303
55910301, 22379098.713694
55910302, 22379106.749754
55910303, 22379114.800918
55910304, 22379123.196058
55910305, 22379131.604036
55910306, 22379139.847766
55910307, 22379149.158541
55910308, 22379156.349575
55910309, 22379164.693364
55910310, 22379173.558970
55910311, 22379181.400954
55910312, 22379189.813841
55910313, 22379198.153476
55910314, 22379206.841242
55910315, 22379214.802164
55910316, 22379223.822956
55910317, 22379231.329270
55910318, 22379240.001933
55910319, 22379248.066689
55910320, 22379258.193417
55910321, 22379265.078610
55910322, 22379273.625160
55910323, 22379281.768454
55910324, 22379289.898910
55910325, 22379298.067501
55910326, 22379306.727703
55910327, 22379314.779622
55910328, 22379323.391494
55910329, 22379331.694505
55910330, 22379339.824960
55910331, 22379347.958814
55910332, 22379358.090828
55910333, 22379364.978664
55910334, 22379373.703810
55910335, 22379381.442337
55910336, 22379389.720805
55910337, 22379398.336830
55910338, 22379407.969681
55910339, 22379414.778603
55910340, 22379423.528292
55910341, 22379431.652329
55910342, 22379439.717841
55910343, 22379448.519258
55910344, 22379456.770540
55910345, 22379465.257810
55910346, 22379473.717894
55910347, 22379482.188928
55910348, 22379489.808517
55910349, 22379498.690359
55910350, 22379506.413405
55910351, 22379514.813831
55910352, 22379523.417774
55910353, 22379532.186342
55910354, 22379539.778367
55910355, 22379548.513330
55910356, 22379556.524470
55910357, 22379565.550549
55910358, 22379573.531105
55910359, 22379581.643059
55910360, 22379589.787485
55910361, 22379598.117682
55910362, 22379606.569082
55910363, 22379614.870582
55910364, 22379623.279692
55910365, 22379631.729582
55910366, 22379639.898173
55910367, 22379648.513821
55910368, 22379656.915003
55910369, 22379664.847228
55910370, 22379673.733602
55910371, 22379681.822146
55910372, 22379689.945428
55910373, 22379698.443648
55910374, 22379706.808204
55910375, 22379714.794424
55910376, 22379723.375711
55910377, 22379731.988716
55910378, 22379739.648706
55910379, 22379748.029875
55910380, 22379756.696496
55910381, 22379764.665725
55910382, 22379773.457703
55910383, 22379781.771663
55910384, 22379789.897966
55910385, 22379798.648032
55910386, 22379806.721851
55910387, 22379814.770372
55910388, 22379823.504580
55910389, 22379831.759260
55910390, 22379840.382459
55910391, 22379848.351688
55910392, 22379857.186710
55910393, 22379864.682074
55910394, 22379873.369462
55910395, 22379881.512756
55910396, 22379890.084982
55910397, 22379899.055556
55910398, 22379906.453126
55910399, 22379914.692326
55910400, 22379922.948894
55910401, 22379931.670641
55910402, 22379939.774667
55910403, 22379948.379364
55910404, 22379956.679354
55910405, 22379964.599875
55910406, 22379973.512679
55910407, 22379981.740928
55910408, 22379989.982770
55910409, 22379999.069262
55910410, 22380006.828933
55910411, 22380014.797784
55910412, 22380023.391910
55910413, 22380031.711534
55910414, 22380040.297730
55910415, 22380048.039655
55910416, 22380056.559774
55910417, 22380065.014572
55910418, 22380073.143518
55910419, 22380081.866021
55910420, 22380089.962494
55910421, 22380098.043487
55910422, 22380106.741447
55910423, 22380114.708033
55910424, 22380123.735622
55910425, 22380131.801511
55910426, 22380140.063743
55910427, 22380148.692606
55910428, 22380156.545539
55910429, 22380164.942945
55910430, 22380173.763997
55910431, 22380181.666771
55910432, 22380190.379457
55910433, 22380198.592226
55910434, 22380206.814811
55910435, 22380214.824441
55910436, 22380223.729316
55910437, 22380232.337035
55910438, 22380240.803160
55910439, 22380249.629498
55910440, 22380257.122597
55910441, 22380264.994787
55910442, 22380274.340299
55910443, 22380282.027475
55910444, 22380289.954792
55910445, 22380298.469625
55910446, 22380306.603857
55910447, 22380314.890631
55910448, 22380323.391117
55910449, 22380331.681289
55910450, 22380340.035273
55910451, 22380348.525186
55910452, 22380356.610710
55910453, 22380364.819703
55910454, 22380373.427799
55910455, 22380381.602054
55910456, 22380389.844274
55910457, 22380398.760476
55910458, 22380406.986837
55910459, 22380414.894520
55910460, 22380423.483360
55910461, 22380431.717273
55910462, 22380439.808838
55910463, 22380449.699955
55910464, 22380456.443555
55910465, 22380465.391096
55910466, 22380473.654838
55910467, 22380482.100574
55910468, 22380489.657862
55910469, 22380498.617108
55910470, 22380506.685263
55910471, 22380514.826291
55910472, 22380523.292794
55910473, 22380531.700395
55910474, 22380540.083075
55910475, 22380548.410251
55910476, 22380556.612069
55910477, 22380564.893557
55910478, 22380573.388002
55910479, 22380581.564145
55910480, 22380589.943804
55910481, 22380598.088608
55910482, 22380606.788834
55910483, 22380614.972151
55910484, 22380623.321604
55910485, 22380631.683139
55910486, 22380639.952923
55910487, 22380648.021078
55910488, 22380656.696383
55910489, 22380664.971830
55910490, 22380673.212917
55910491, 22380681.774948
55910492, 22380690.534454
55910493, 22380698.302810
55910494, 22380706.748546
55910495, 22380715.370235
55910496, 22380723.761222
55910497, 22380731.742911
55910498, 22380739.645685
55910499, 22380748.293804
55910500, 22380756.454089
55910501, 22380764.851873
55910502, 22380773.614777
55910503, 22380781.913634
55910504, 22380789.866249
55910505, 22380798.397318
55910506, 22380806.468872
55910507, 22380815.055823
55910508, 22380823.151164
55910509, 22380831.529690
55910510, 22380839.941822
55910511, 22380848.664702
55910512, 22380856.970734
55910513, 22380865.034735
55910514, 22380873.674170
55910515, 22380881.643777
55910516, 22380889.896191
55910517, 22380898.673066
55910518, 22380906.862802
55910519, 22380914.884514
55910520, 22380923.709342
55910521, 22380931.896813
55910522, 22380940.576271
55910523, 22380948.622527
55910524, 22380957.796617
55910525, 22380964.554565
55910526, 22380973.977104
55910527, 22380982.600681
55910528, 22380990.179490
55910529, 22380998.037710
55910530, 22381006.538573
55910531, 22381014.762669
55910532, 22381024.060228
55910533, 22381031.405315
55910534, 22381039.680385
55910535, 22381048.101578
55910536, 22381056.473308
55910537, 22381065.514490
55910538, 22381073.479565
55910539, 22381081.596050
55910540, 22381089.582270
55910541, 22381098.525281
55910542, 22381106.525093
55910543, 22381115.045968
55910544, 22381123.245144
55910545, 22381131.710514
55910546, 22381139.557406
55910547, 22381148.559697
55910548, 22381157.088501
55910549, 22381166.878804
55910550, 22381173.475525
55910551, 22381181.804966
55910552, 22381189.766265
55910553, 22381198.341889
55910554, 22381207.486906
55910555, 22381214.787816
55910556, 22381223.001340
55910557, 22381231.611323
55910558, 22381239.617177
55910559, 22381248.101804
55910560, 22381256.604933
55910561, 22381265.487530
55910562, 22381274.154907
55910563, 22381281.730696
55910564, 22381289.681045
55910565, 22381298.557979
55910566, 22381306.702783
55910567, 22381315.733015
55910568, 22381323.431518
55910569, 22381331.740947
55910570, 22381339.756618
55910571, 22381348.223499
55910572, 22381356.970167
55910573, 22381364.893709
55910574, 22381373.405144
55910575, 22381381.250903
55910576, 22381389.924698
55910577, 22381399.445408
55910578, 22381406.581693
55910579, 22381414.716302
55910580, 22381423.311183
55910581, 22381431.802984
55910582, 22381439.797510
55910583, 22381448.463754
55910584, 22381456.448463
55910585, 22381464.766199
55910586, 22381473.461139
55910587, 22381481.670887
55910588, 22381489.687313
55910589, 22381498.503079
55910590, 22381506.826856
55910591, 22381515.066811
55910592, 22381523.696806
55910593, 22381532.072690
55910594, 22381540.179358
55910595, 22381548.112717
55910596, 22381557.014948
55910597, 22381565.129168
55910598, 22381573.529217
55910599, 22381581.616251
55910600, 22381589.759544
55910601, 22381598.466567
55910602, 22381606.631760
55910603, 22381614.688588
55910604, 22381623.019161
55910605, 22381631.586479
55910606, 22381639.828698
55910607, 22381648.393373
55910608, 22381656.546106
55910609, 22381664.703747
55910610, 22381673.020351
55910611, 22381681.483833
55910612, 22381689.779670
55910613, 22381698.096273
55910614, 22381706.757608
55910615, 22381714.731367
55910616, 22381723.797092
55910617, 22381731.437825
55910618, 22381739.825791
55910619, 22381748.569816
55910620, 22381756.800331
55910621, 22381764.679318
55910622, 22381773.504523
55910623, 22381782.059380
55910624, 22381789.871913
55910625, 22381798.085814
55910626, 22381806.275928
55910627, 22381814.696743
55910628, 22381823.475128
55910629, 22381831.704888
55910630, 22381839.822506
55910631, 22381848.098708
55910632, 22381856.624492
55910633, 22381864.908623
55910634, 22381873.571468
55910635, 22381881.805381
55910636, 22381889.714575
55910637, 22381898.361561
55910638, 22381906.760100
55910639, 22381914.719511
55910640, 22381923.063301
55910641, 22381931.417284
55910642, 22381939.738419
55910643, 22381949.274232
55910644, 22381956.431283
55910645, 22381964.710506
55910646, 22381973.048254
55910647, 22381981.604999
55910648, 22381989.810216
55910649, 22381998.098123
55910650, 22382006.732272
55910651, 22382014.772864
55910652, 22382023.314505
55910653, 22382031.716442
55910654, 22382039.823488
55910655, 22382048.566758
55910656, 22382056.438948
55910657, 22382064.595835
55910658, 22382073.422928
55910659, 22382081.703283
55910660, 22382089.663072
55910661, 22382098.319121
55910662, 22382106.869447
55910663, 22382114.912304
55910664, 22382123.524931
55910665, 22382131.775458
55910666, 22382139.863625
55910667, 22382148.009561
55910668, 22382156.816265
55910669, 22382164.734898
55910670, 22382173.534050
55910671, 22382181.423987
55910672, 22382189.745876
55910673, 22382198.125913
55910674, 22382206.663401
55910675, 22382214.775356
55910676, 22382223.088561
55910677, 22382231.794450
55910678, 22382239.597166
55910679, 22382248.041014
55910680, 22382256.581900
55910681, 22382264.700274
55910682, 22382273.379355
55910683, 22382281.836041
55910684, 22382289.745989
55910685, 22382298.453389
55910686, 22382306.449049
55910687, 22382314.672767
55910688, 22382323.650137
55910689, 22382332.243508
55910690, 22382339.738494
55910691, 22382348.669422
55910692, 22382356.782887
55910693, 22382364.960918
55910694, 22382374.741781
55910695, 22382381.537110
55910696, 22382389.856734
55910697, 22382398.333432
55910698, 22382406.607368
55910699, 22382414.640408
55910700, 22382423.494687
55910701, 22382431.626653
55910702, 22382439.823941
55910703, 22382448.409760
55910704, 22382456.678033
55910705, 22382465.207969
55910706, 22382473.127357
55910707, 22382481.679194
55910708, 22382489.830794
55910709, 22382498.353557
55910710, 22382506.650903
55910711, 22382515.110232
55910712, 22382523.401538
55910713, 22382531.611663
55910714, 22382539.971311
55910715, 22382548.412894
55910716, 22382556.455373
55910717, 22382564.624720
55910718, 22382572.905075
55910719, 22382581.832227
55910720, 22382589.661373
55910721, 22382597.994590
55910722, 22382606.579276
55910723, 22382615.289697
55910724, 22382623.539846
55910725, 22382631.451305
55910726, 22382639.910634
55910727, 22382648.095839
55910728, 22382656.320690
55910729, 22382664.853270
55910730, 22382673.270687
55910731, 22382681.732659
55910732, 22382689.824979
55910733, 22382698.600344
55910734, 22382706.641313
55910735, 22382714.944323
55910736, 22382723.588667
55910737, 22382731.436315
55910738, 22382740.338169
55910739, 22382748.060082
55910740, 22382756.890573
55910741, 22382764.758232
55910742, 22382773.224735
55910743, 22382781.685575
55910744, 22382790.304243
55910745, 22382798.529472
55910746, 22382806.493037
55910747, 22382814.948590
55910748, 22382823.501937
55910749, 22382831.495331
55910750, 22382839.723580
55910751, 22382848.198390
55910752, 22382856.430415
55910753, 22382864.788930
55910754, 22382873.148200
55910755, 22382881.634337
55910756, 22382889.742516
55910757, 22382898.168995
55910758, 22382906.719699
55910759, 22382914.797293
55910760, 22382923.505826
55910761, 22382931.714441
55910762, 22382939.973274
55910763, 22382948.341229
55910764, 22382956.524923
55910765, 22382964.796972
55910766, 22382973.103003
55910767, 22382981.802474
55910768, 22382989.822676
55910769, 22382997.930855
55910770, 22383007.801582
55910771, 22383014.809867
55910772, 22383023.416075
55910773, 22383031.724371
55910774, 22383039.858603
55910775, 22383048.513897
55910776, 22383056.768954
55910777, 22383064.914136
55910778, 22383073.075176
55910779, 22383081.582457
55910780, 22383089.760111
55910781, 22383098.346685
55910782, 22383106.779205
55910783, 22383115.271007
55910784, 22383123.362571
55910785, 22383131.665959
55910786, 22383139.792639
55910787, 22383148.415461
55910788, 22383156.419050
55910789, 22383164.789270
55910790, 22383173.435124
55910791, 22383181.519137
55910792, 22383189.922962
55910793, 22383198.295069
55910794, 22383206.406269
55910795, 22383214.739485
55910796, 22383223.394779
55910797, 22383231.660409
55910798, 22383239.814275
55910799, 22383247.909616
55910800, 22383256.769936
55910801, 22383264.853572
55910802, 22383273.332157
55910803, 22383281.662731
55910804, 22383289.781104
55910805, 22383297.998404
55910806, 22383306.504553
55910807, 22383314.782265
55910808, 22383323.491553
55910809, 22383331.384510
55910810, 22383339.704890
55910811, 22383347.935782
55910812, 22383356.408326
55910813, 22383364.799313
55910814, 22383373.356813
55910815, 22383381.789334
55910816, 22383389.542586
55910817, 22383398.089137
55910818, 22383406.650790
55910819, 22383414.776337
55910820, 22383423.777118
55910821, 22383431.613060
55910822, 22383439.709534
55910823, 22383448.493583
55910824, 22383456.595720
55910825, 22383464.841716
55910826, 22383473.165115
55910827, 22383481.613495
55910828, 22383490.327691
55910829, 22383498.142489
55910830, 22383506.383198
55910831, 22383515.414563
55910832, 22383523.413620
55910833, 22383531.661882
55910834, 22383539.651877
55910835, 22383548.360032
55910836, 22383559.713899
55910837, 22383564.825215
55910838, 22383573.388002
55910839, 22383581.674398
55910840, 22383589.658730
55910841, 22383598.486579
55910842, 22383606.699725
55910843, 22383614.834334
55910844, 22383623.580247
55910845, 22383631.540036
55910846, 22383639.743365
55910847, 22383648.565927
55910848, 22383656.788890
55910849, 22383664.834391
55910850, 22383673.596162
55910851, 22383681.882559
55910852, 22383689.693581
55910853, 22383698.428544
55910854, 22383706.475555
55910855, 22383714.802353
55910856, 22383723.280183
55910857, 22383731.612267
55910858, 22383739.618121
55910859, 22383748.556601
55910860, 22383756.574538
55910861, 22383764.932297
55910862, 22383773.421833
55910863, 22383781.913256
55910864, 22383789.657447
55910865, 22383798.221743
55910866, 22383806.631231
55910867, 22383814.827386
55910868, 22383823.037512
55910869, 22383831.311448
55910870, 22383839.763981
55910871, 22383848.247098
55910872, 22383856.645259
55910873, 22383864.755703
55910874, 22383873.139138
55910875, 22383881.844650
55910876, 22383890.383271
55910877, 22383898.417066
55910878, 22383907.125976
55910879, 22383914.833541
55910880, 22383923.086333
55910881, 22383931.532824
55910882, 22383939.861510
55910883, 22383948.443176
55910884, 22383956.816794
55910885, 22383964.617621
55910886, 22383973.353717
55910887, 22383981.475489
55910888, 22383989.883844
55910889, 22383998.348459
55910890, 22384006.571423
55910891, 22384014.923896
55910892, 22384023.396063
55910893, 22384031.323758
55910894, 22384039.858225
55910895, 22384048.248457
55910896, 22384056.645485
55910897, 22384064.925086
55910898, 22384073.440297
55910899, 22384081.291720
55910900, 22384090.335167
55910901, 22384098.117493
55910902, 22384106.597211
55910903, 22384114.786947
55910904, 22384123.032566
55910905, 22384131.749782
55910906, 22384139.769229
55910907, 22384148.608783
55910908, 22384156.450011
55910909, 22384164.790025
55910910, 22384173.395100
55910911, 22384181.603715
55910912, 22384189.816861
55910913, 22384198.587317
55910914, 22384206.355295
55910915, 22384214.753078
55910916, 22384223.509186
55910917, 22384231.714403
55910918, 22384239.996269
55910919, 22384247.967763
55910920, 22384256.649110
55910921, 22384264.707448
55910922, 22384273.402765
55910923, 22384281.557764
55910924, 22384289.920432
55910925, 22384298.530416
55910926, 22384306.538158
55910927, 22384314.814360
55910928, 22384322.890444
55910929, 22384331.904440
55910930, 22384340.379250
55910931, 22384348.063404
55910932, 22384356.526509
55910933, 22384364.745319
55910934, 22384373.304330
55910935, 22384381.506526
55910936, 22384390.548840
55910937, 22384398.461054
55910938, 22384406.617941
55910939, 22384414.772939
55910940, 22384423.283997
55910941, 22384431.588140
55910942, 22384439.884354
55910943, 22384448.325559
55910944, 22384456.701065
55910945, 22384465.274801
55910946, 22384473.444148
55910947, 22384481.652763
55910948, 22384490.356009
55910949, 22384498.432471
55910950, 22384506.592001
55910951, 22384515.511224
55910952, 22384523.411733
55910953, 22384531.703793
55910954, 22384539.708892
55910955, 22384548.518994
55910956, 22384556.431963
55910957, 22384564.779906
55910958, 22384573.242255
55910959, 22384581.424440
55910960, 22384589.778046
55910961, 22384598.096915
55910962, 22384606.723890
55910963, 22384614.859632
55910964, 22384623.516436
55910965, 22384631.643116
55910966, 22384640.257631
55910967, 22384648.096594
55910968, 22384656.396584
55910969, 22384664.895181
55910970, 22384673.662239
55910971, 22384681.504223
55910972, 22384689.858206
55910973, 22384698.588639
55910974, 22384706.518977
55910975, 22384714.759686
55910976, 22384723.322095
55910977, 22384731.758014
55910978, 22384739.884316
55910979, 22384748.433132
55910980, 22384756.612296
55910981, 22384765.040286
55910982, 22384773.202458
55910983, 22384781.801115
55910984, 22384789.760904
55910985, 22384798.422616
55910986, 22384806.547031
55910987, 22384814.796802
55910988, 22384823.495895
55910989, 22384831.665242
55910990, 22384840.319781
55910991, 22384848.577481
55910992, 22384856.644126
55910993, 22384864.638275
55910994, 22384873.032282
55910995, 22384881.264685
55910996, 22384889.721371
55910997, 22384898.385349
55910998, 22384907.135793
55910999, 22384914.578296
55911000, 22384923.503183
55911001, 22384931.984789
55911002, 22384940.293841
55911003, 22384948.270243
55911004, 22384956.385974
55911005, 22384964.670860
55911006, 22384973.126413
55911007, 22384981.596692
55911008, 22384989.707514
55911009, 22384998.059610
55911010, 22385006.389051
55911011, 22385017.862233
55911012, 22385023.588252
55911013, 22385031.546531
55911014, 22385039.793281
55911015, 22385048.317932
55911016, 22385056.554866
55911017, 22385065.330985
55911018, 22385073.133701
55911019, 22385081.347979
55911020, 22385089.636642
55911021, 22385097.940030
55911022, 22385106.484692
55911023, 22385114.765425
55911024, 22385123.264778
55911025, 22385131.632355
55911026, 22385139.682008
55911027, 22385148.279154
55911028, 22385156.520241
55911029, 22385164.836090
55911030, 22385173.190829
55911031, 22385181.620329
55911032, 22385189.745121
55911033, 22385198.176509
55911034, 22385206.277891
55911035, 22385214.856536
55911036, 22385223.225245
55911037, 22385231.535807
55911038, 22385239.771231
55911039, 22385248.466170
55911040, 22385256.396886
55911041, 22385264.746716
55911042, 22385273.125243
55911043, 22385281.729941
55911044, 22385289.757694
55911045, 22385298.232127
55911046, 22385306.594040
55911047, 22385314.766785
55911048, 22385323.178161
55911049, 22385331.937667
55911050, 22385339.744536
55911051, 22385348.414555
55911052, 22385356.602403
55911053, 22385364.804977
55911054, 22385373.058524
55911055, 22385381.696449
55911056, 22385389.723448
55911057, 22385397.995119
55911058, 22385406.441610
55911059, 22385414.848455
55911060, 22385423.162416
55911061, 22385431.750877
55911062, 22385439.714442
55911063, 22385448.349347
55911064, 22385456.338587
55911065, 22385464.808111
55911066, 22385473.200608
55911067, 22385481.512303
55911068, 22385489.740552
55911069, 22385498.138713
55911070, 22385506.490809
55911071, 22385515.503672
55911072, 22385523.136098
55911073, 22385531.628277
55911074, 22385539.853128
55911075, 22385548.485767
55911076, 22385556.609804
55911077, 22385564.868637
55911078, 22385573.147105
55911079, 22385581.384038
55911080, 22385589.554895
55911081, 22385598.371416
55911082, 22385606.532456
55911083, 22385614.872847
55911084, 22385623.240424
55911085, 22385631.326325
55911086, 22385639.636510
55911087, 22385647.988983
55911088, 22385656.477008
55911089, 22385664.681093
55911090, 22385673.073212
55911091, 22385681.483078
55911092, 22385689.883504
55911093, 22385698.354538
55911094, 22385706.554092
55911095, 22385714.855214
55911096, 22385723.142744
55911097, 22385731.346450
55911098, 22385739.795585
55911099, 22385748.159763
55911100, 22385756.471836
55911101, 22385764.906622
55911102, 22385773.036700
55911103, 22385781.423911
55911104, 22385789.651405
55911105, 22385798.010298
55911106, 22385806.460942
55911107, 22385814.820967
55911108, 22385823.110007
55911109, 22385831.820806
55911110, 22385839.860642
55911111, 22385848.385292
55911112, 22385856.791760
55911113, 22385864.721720
55911114, 22385873.171987
55911115, 22385881.686066
55911116, 22385889.812746
55911117, 22385898.514482
55911118, 22385906.527510
55911119, 22385914.756892
55911120, 22385923.025542
55911121, 22385931.877934
55911122, 22385939.648177
55911123, 22385947.925134
55911124, 22385956.482634
55911125, 22385964.891368
55911126, 22385973.149823
55911127, 22385981.424515
55911128, 22385989.556859
55911129, 22385998.389238
55911130, 22386006.493641
55911131, 22386014.857064
55911132, 22386023.021880
55911133, 22386031.545775
55911134, 22386039.741553
55911135, 22386049.802581
55911136, 22386056.370984
55911137, 22386065.225640
55911138, 22386073.281712
55911139, 22386081.421230
55911140, 22386089.896795
55911141, 22386098.443723
55911142, 22386106.402002
55911143, 22386114.780906
55911144, 22386123.052955
55911145, 22386131.343128
55911146, 22386139.768097
55911147, 22386148.405266
55911148, 22386156.480595
55911149, 22386164.757930
55911150, 22386173.432481
55911151, 22386181.489308
55911152, 22386189.618254
55911153, 22386198.173111
55911154, 22386206.553148
55911155, 22386214.828972
55911156, 22386223.132360
55911157, 22386231.552798
55911158, 22386239.635301
55911159, 22386248.608896
55911160, 22386256.459187
55911161, 22386264.774280
55911162, 22386273.508110
55911163, 22386281.718991
55911164, 22386289.855865
55911165, 22386298.638782
55911166, 22386306.655585
55911167, 22386314.802277
55911168, 22386323.246881
55911169, 22386331.374693
55911170, 22386339.903875
55911171, 22386348.456466
55911172, 22386356.771182
55911173, 22386364.820080
55911174, 22386373.361722
55911175, 22386381.696449
55911176, 22386389.691731
55911177, 22386398.417632
55911178, 22386406.517504
55911179, 22386414.710261
55911180, 22386423.542640
55911181, 22386431.426535
55911182, 22386439.811103
55911183, 22386448.449028
55911184, 22386456.425808
55911185, 22386464.821326
55911186, 22386473.379204
55911187, 22386481.579512
55911188, 22386489.980694
55911189, 22386498.404908
55911190, 22386506.459847
55911191, 22386514.791931
55911192, 22386523.504995
55911193, 22386531.497634
55911194, 22386539.776857
55911195, 22386548.432150
55911196, 22386556.572423
55911197, 22386564.719115
55911198, 22386573.347978
55911199, 22386581.339484
55911200, 22386589.834306
55911201, 22386598.218496
55911202, 22386606.725023
55911203, 22386615.328588
55911204, 22386623.257038
55911205, 22386631.566089
55911206, 22386639.806421
55911207, 22386648.623697
55911208, 22386656.843262
55911209, 22386665.692255
55911210, 22386673.588233
55911211, 22386681.536317
55911212, 22386689.945428
55911213, 22386698.301677
55911214, 22386706.640558
55911215, 22386714.839733
55911216, 22386723.254130
55911217, 22386731.313978
55911218, 22386739.734794
55911219, 22386748.248495
55911220, 22386756.548107
55911221, 22386764.680073
55911222, 22386772.963449
55911223, 22386781.507356
55911224, 22386789.794131
55911225, 22386798.086569
55911226, 22386806.401662
55911227, 22386815.423587
55911228, 22386823.666940
55911229, 22386831.612381
55911230, 22386840.957893
55911231, 22386848.509517
55911232, 22386856.584468
55911233, 22386864.839903
55911234, 22386873.398914
55911235, 22386881.758184
55911236, 22386889.850126
55911237, 22386898.416688
55911238, 22386906.394601
55911239, 22386914.671559
55911240, 22386923.300799
55911241, 22386931.495821
55911242, 22386939.760696
55911243, 22386948.417123
55911244, 22386956.748452
55911245, 22386965.348996
55911246, 22386972.985953
55911247, 22386981.360326
55911248, 22386989.852127
55911249, 22386998.247268
55911250, 22387006.532154
55911251, 22387014.903129
55911252, 22387023.856712
55911253, 22387031.500466
55911254, 22387039.916750
55911255, 22387048.490109
55911256, 22387056.800671
55911257, 22387064.877888
55911258, 22387073.339860
55911259, 22387081.565466
55911260, 22387089.860170
55911261, 22387098.567947
55911262, 22387106.453353
55911263, 22387114.736352
55911264, 22387123.291964
55911265, 22387131.458667
55911266, 22387139.726940
55911267, 22387148.577066
55911268, 22387156.654660
55911269, 22387164.764349
55911270, 22387173.033377
55911271, 22387181.326948
55911272, 22387189.774195
55911273, 22387198.268261
55911274, 22387206.460640
55911275, 22387214.675674
55911276, 22387223.505410
55911277, 22387231.935288
55911278, 22387239.963419
55911279, 22387248.420105
55911280, 22387256.392355
55911281, 22387264.608899
55911282, 22387273.448830
55911283, 22387281.550212
55911284, 22387289.935913
55911285, 22387298.133578
55911286, 22387306.636329
55911287, 22387314.820779
55911288, 22387323.399423
55911289, 22387331.433596
55911290, 22387340.013373
55911291, 22387348.594661
55911292, 22387356.740220
55911293, 22387365.224092
55911294, 22387373.582984
55911295, 22387381.717971
55911296, 22387389.792545
55911297, 22387398.054022
55911298, 22387406.661740
55911299, 22387414.740467
55911300, 22387423.542262
55911301, 22387431.514889
55911302, 22387440.392578
55911303, 22387448.168108
55911304, 22387456.731649
55911305, 22387464.720134
55911306, 22387473.596691
55911307, 22387481.587441
55911308, 22387489.895360
55911309, 22387498.477403
55911310, 22387506.710184
55911311, 22387514.705465
55911312, 22387523.416264
55911313, 22387531.678495
55911314, 22387539.783275
55911315, 22387548.531077
55911316, 22387556.615845
55911317, 22387564.659835
55911318, 22387573.259624
55911319, 22387581.558859
55911320, 22387589.840347
55911321, 22387598.263806
55911322, 22387606.608728
55911323, 22387615.198322
55911324, 22387623.449604
55911325, 22387631.705039
55911326, 22387640.347117
55911327, 22387648.064877
55911328, 22387656.589905
55911329, 22387664.830237
55911330, 22387673.504787
55911331, 22387681.662807
55911332, 22387689.782313
55911333, 22387698.420993
55911334, 22387706.656794
55911335, 22387714.878247
55911336, 22387723.517682
55911337, 22387731.423477
55911338, 22387739.890357
55911339, 22387748.382536
55911340, 22387756.471836
55911341, 22387765.337442
55911342, 22387773.179426
55911343, 22387781.577587
55911344, 22387789.854166
55911345, 22387798.335773
55911346, 22387806.658417
55911347, 22387814.911965
55911348, 22387823.409807
55911349, 22387831.560274
55911350, 22387840.240866
55911351, 22387848.625812
55911352, 22387856.443253
55911353, 22387864.798369
55911354, 22387873.508035
55911355, 22387881.731753
55911356, 22387889.972463
55911357, 22387898.249042
55911358, 22387906.622283
55911359, 22387914.894332
55911360, 22387923.684799
55911361, 22387931.741627
55911362, 22387939.812047
55911363, 22387948.452238
55911364, 22387956.801690
55911365, 22387964.922329
55911366, 22387973.845705
55911367, 22387982.019961
55911368, 22387990.510251
55911369, 22387998.351480
55911370, 22388006.571045
55911371, 22388015.299212
55911372, 22388023.218600
55911373, 22388031.540867
55911374, 22388039.951865
55911375, 22388048.266958
55911376, 22388056.645108
55911377, 22388064.755552
55911378, 22388073.316450
55911379, 22388081.479000
55911380, 22388089.935309
55911381, 22388098.402189
55911382, 22388106.484315
55911383, 22388114.831502
55911384, 22388123.236459
55911385, 22388131.877783
55911386, 22388140.475684
55911387, 22388148.298033
55911388, 22388156.552336
55911389, 22388164.853836
55911390, 22388173.398498
55911391, 22388181.721898
55911392, 22388190.388897
55911393, 22388198.052285
55911394, 22388206.336038
55911395, 22388214.728158
55911396, 22388223.101776
55911397, 22388231.550910
55911398, 22388240.117095
55911399, 22388248.460884
55911400, 22388256.367434
55911401, 22388264.872451
55911402, 22388273.305349
55911403, 22388281.686519
55911404, 22388289.607039
55911405, 22388298.496433
55911406, 22388306.418087
55911407, 22388314.705994
55911408, 22388323.072060
55911409, 22388331.555177
55911410, 22388341.146872
55911411, 22388350.522968
55911412, 22388356.583146
55911413, 22388364.826877
55911414, 22388373.494253
55911415, 22388381.659824
55911416, 22388389.685690
55911417, 22388398.492016
55911418, 22388406.549976
55911419, 22388414.842792
55911420, 22388423.472410
55911421, 22388431.767869
55911422, 22388439.525652
55911423, 22388448.462243
55911424, 22388456.472251
55911425, 22388464.621963
55911426, 22388473.245540
55911427, 22388481.744515
55911428, 22388489.711101
55911429, 22388498.447952
55911430, 22388506.558396
55911431, 22388514.878020
55911432, 22388523.804795
55911433, 22388531.597315
55911434, 22388540.658509
55911435, 22388548.440835
55911436, 22388556.518429
55911437, 22388564.807091
55911438, 22388573.436710
55911439, 22388581.930776
55911440, 22388590.057078
55911441, 22388598.185646
55911442, 22388606.682356
55911443, 22388614.904564
55911444, 22388623.107515
55911445, 22388631.773381
55911446, 22388640.248191
55911447, 22388648.375249
55911448, 22388656.555923
55911449, 22388665.381506
55911450, 22388673.280882
55911451, 22388681.570677
55911452, 22388689.665640
55911453, 22388698.110999
55911454, 22388706.415142
55911455, 22388714.811415
55911456, 22388722.992466
55911457, 22388731.549589
55911458, 22388740.062157
55911459, 22388748.458430
55911460, 22388756.667045
55911461, 22388764.848097
55911462, 22388773.412393
55911463, 22388781.931003
55911464, 22388789.822827
55911465, 22388798.387124
55911466, 22388806.474158
55911467, 22388814.847398
55911468, 22388823.046951
55911469, 22388831.334481
55911470, 22388839.813822
55911471, 22388848.585788
55911472, 22388856.507441
55911473, 22388864.829708
55911474, 22388873.475563
55911475, 22388881.437617
55911476, 22388889.797642
55911477, 22388898.411402
55911478, 22388906.657775
55911479, 22388914.842603
55911480, 22388923.494121
55911481, 22388931.456553
55911482, 22388939.789015
55911483, 22388948.378609
55911484, 22388956.550599
55911485, 22388964.917798
55911486, 22388973.548927
55911487, 22388981.652952
55911488, 22388989.864210
55911489, 22388998.169863
55911490, 22389006.598986
55911491, 22389015.530292
55911492, 22389023.556913
55911493, 22389033.457847
55911494, 22389039.804986
55911495, 22389048.533908
55911496, 22389056.745544
55911497, 22389065.498254
55911498, 22389073.588308
55911499, 22389081.492593
55911500, 22389090.323840
55911501, 22389098.519995
55911502, 22389106.367642
55911503, 22389115.436765
55911504, 22389123.392778
55911505, 22389131.331045
55911506, 22389139.812651
55911507, 22389148.539308
55911508, 22389156.442837
55911509, 22389164.954650
55911510, 22389173.404162
55911511, 22389181.866134
55911512, 22389189.772307
55911513, 22389198.491412
55911514, 22389206.485938
55911515, 22389214.713432
55911516, 22389223.310956
55911517, 22389231.453872
55911518, 22389239.871290
55911519, 22389248.526961
55911520, 22389256.622302
55911521, 22389265.324038
55911522, 22389273.215107
55911523, 22389281.331592
55911524, 22389289.750143
55911525, 22389298.530793
55911526, 22389306.589131
55911527, 22389315.021652
55911528, 22389323.377901
55911529, 22389331.640133
55911530, 22389340.497055
55911531, 22389348.581823
55911532, 22389356.703595
55911533, 22389364.970357
55911534, 22389373.306217
55911535, 22389381.622066
55911536, 22389390.346834
55911537, 22389398.247343
55911538, 22389406.393657
55911539, 22389414.702709
55911540, 22389423.203950
55911541, 22389431.703302
55911542, 22389439.957227
55911543, 22389448.112603
55911544, 22389456.502457
55911545, 22389464.644618
55911546, 22389473.375051
55911547, 22389481.587441
55911548, 22389489.782464
55911549, 22389498.517427
55911550, 22389506.565570
55911551, 22389515.326209
55911552, 22389523.190092
55911553, 22389531.604112
55911554, 22389539.740231
55911555, 22389548.599419
55911556, 22389556.664931
55911557, 22389564.752342
55911558, 22389573.259246
55911559, 22389581.586422
55911560, 22389589.872441
55911561, 22389598.536042
55911562, 22389606.605329
55911563, 22389615.199077
55911564, 22389623.059185
55911565, 22389632.037688
55911566, 22389640.295389
55911567, 22389648.464735
55911568, 22389656.537421
55911569, 22389664.829482
55911570, 22389673.210652
55911571, 22389681.495161
55911572, 22389689.782690
55911573, 22389698.482538
55911574, 22389706.751944
55911575, 22389715.196548
55911576, 22389723.530142
55911577, 22389731.453683
55911578, 22389739.708363
55911579, 22389748.213380
55911580, 22389756.320803
55911581, 22389764.790327
55911582, 22389773.476205
55911583, 22389781.632336
55911584, 22389790.274414
55911585, 22389798.106203
55911586, 22389806.511161
55911587, 22389814.671445
55911588, 22389823.449830
55911589, 22389831.521384
55911590, 22389839.695639
55911591, 22389848.421918
55911592, 22389856.595795
55911593, 22389864.647714
55911594, 22389873.025486
55911595, 22389881.504449
55911596, 22389889.827471
55911597, 22389898.406116
55911598, 22389906.456525
55911599, 22389914.715358
55911600, 22389923.301554
55911601, 22389931.505638
55911602, 22389940.236826
55911603, 22389948.451105
55911604, 22389956.449030
55911605, 22389964.679167
55911606, 22389973.188337
55911607, 22389981.851182
55911608, 22389989.889130
55911609, 22389998.347704
55911610, 22390006.320709
55911611, 22390014.870280
55911612, 22390023.644889
55911613, 22390031.558613
55911614, 22390039.903157
55911615, 22390051.133932
55911616, 22390056.543161
55911617, 22390065.320035
55911618, 22390073.472769
55911619, 22390081.424628
55911620, 22390089.817126
55911621, 22390098.294579
55911622, 22390106.349141
55911623, 22390115.348788
55911624, 22390123.310843
55911625, 22390131.636131
55911626, 22390140.307660
55911627, 22390148.600854
55911628, 22390156.583297
55911629, 22390164.902544
55911630, 22390173.406805
55911631, 22390182.119114
55911632, 22390190.377192
55911633, 22390198.121382
55911634, 22390206.275248
55911635, 22390214.894294
55911636, 22390223.007003
55911637, 22390231.343996
55911638, 22390240.246605
55911639, 22390248.307209
55911640, 22390256.470892
55911641, 22390264.681772
55911642, 22390273.509998
55911643, 22390281.568713
55911644, 22390289.672361
55911645, 22390298.235525
55911646, 22390306.335019
55911647, 22390315.289357
55911648, 22390323.132096
55911649, 22390331.634092
55911650, 22390340.468359
55911651, 22390349.054555
55911652, 22390356.665837
55911653, 22390365.096847
55911654, 22390373.493498
55911655, 22390381.497464
55911656, 22390389.792167
55911657, 22390398.143886
55911658, 22390406.694212
55911659, 22390414.698178
55911660, 22390423.398781
55911661, 22390431.556423
55911662, 22390439.864342
55911663, 22390448.445252
55911664, 22390456.582505
55911665, 22390465.565539
55911666, 22390473.281410
55911667, 22390481.655028
55911668, 22390489.814180
55911669, 22390498.281061
55911670, 22390506.539517
55911671, 22390514.906716
55911672, 22390523.499709
55911673, 22390531.733622
55911674, 22390540.202768
55911675, 22390548.377023
55911676, 22390556.473497
55911677, 22390565.401027
55911678, 22390573.097642
55911679, 22390581.479944
55911680, 22390589.910577
55911681, 22390597.943617
55911682, 22390606.496964
55911683, 22390615.271950
55911684, 22390623.456400
55911685, 22390631.478868
55911686, 22390639.860038
55911687, 22390648.417160
55911688, 22390656.568383
55911689, 22390664.863464
55911690, 22390673.236327
55911691, 22390681.649214
55911692, 22390690.386065
55911693, 22390698.478007
55911694, 22390706.434398
55911695, 22390715.376276
55911696, 22390723.407806
55911697, 22390731.429518
55911698, 22390739.859396
55911699, 22390748.047999
55911700, 22390756.604744
55911701, 22390764.741619
55911702, 22390773.332724
55911703, 22390781.403899
55911704, 22390789.715594
55911705, 22390798.461507
55911706, 22390806.489261
55911707, 22390815.418679
55911708, 22390823.604639
55911709, 22390831.654292
55911710, 22390839.661279
55911711, 22390848.368301
55911712, 22390856.590132
55911713, 22390864.710015
55911714, 22390873.375126
55911715, 22390881.545228
55911716, 22390889.711554
55911717, 22390898.647768
55911718, 22390906.427828
55911719, 22390915.311936
55911720, 22390923.501295
55911721, 22390931.398028
55911722, 22390939.711988
55911723, 22390948.577217
55911724, 22390956.641218
55911725, 22390964.897409
55911726, 22390973.073930
55911727, 22390981.634450
55911728, 22390989.734700
55911729, 22390998.039976
55911730, 22391006.586903
55911731, 22391015.393607
55911732, 22391023.447414
55911733, 22391031.781008
55911734, 22391040.185966
55911735, 22391048.568646
55911736, 22391056.640577
55911737, 22391064.942077
55911738, 22391073.521854
55911739, 22391081.830906
55911740, 22391089.646081
55911741, 22391098.598531
55911742, 22391106.661023
55911743, 22391115.446582
55911744, 22391123.450925
55911745, 22391131.729016
55911746, 22391140.206468
55911747, 22391148.477007
55911748, 22391156.607085
55911749, 22391164.929730
55911750, 22391173.091525
55911751, 22391181.376789
55911752, 22391189.856130
55911753, 22391198.374361
55911754, 22391206.625266
55911755, 22391214.894294
55911756, 22391223.650779
55911757, 22391231.733282
55911758, 22391239.899608
55911759, 22391248.535645
55911760, 22391256.443328
55911761, 22391265.214917
55911762, 22391273.636865
55911763, 22391281.503014
55911764, 22391289.862284
55911765, 22391298.072410
55911766, 22391307.070170
55911767, 22391315.301817
55911768, 22391323.525158
55911769, 22391331.762847
55911770, 22391339.840441
55911771, 22391348.293729
55911772, 22391356.681318
55911773, 22391365.364175
55911774, 22391373.150276
55911775, 22391381.452532
55911776, 22391389.823507
55911777, 22391398.143508
55911778, 22391406.561681
55911779, 22391414.922839
55911780, 22391423.330439
55911781, 22391431.509981
55911782, 22391439.769192
55911783, 22391448.422220
55911784, 22391456.505478
55911785, 22391464.917232
55911786, 22391473.498520
55911787, 22391481.368067
55911788, 22391490.345060
55911789, 22391498.514029
55911790, 22391506.394148
55911791, 22391514.795707
55911792, 22391523.076818
55911793, 22391531.510094
55911794, 22391539.816125
55911795, 22391548.164823
55911796, 22391556.498417
55911797, 22391565.340614
55911798, 22391573.348733
55911799, 22391581.564522
55911800, 22391589.821468
55911801, 22391598.133540
55911802, 22391606.622321
55911803, 22391615.263266
55911804, 22391623.340861
55911805, 22391631.939139
55911806, 22391639.831719
55911807, 22391648.252157
55911808, 22391656.706955
55911809, 22391664.850626
55911810, 22391673.386227
55911811, 22391681.470995
55911812, 22391690.366053
55911813, 22391698.753264
55911814, 22391706.596003
55911815, 22391715.300760
55911816, 22391722.960372
55911817, 22391731.444244
55911818, 22391739.852599
55911819, 22391748.457675
55911820, 22391756.363847
55911821, 22391764.739731
55911822, 22391772.992523
55911823, 22391781.577587
55911824, 22391790.925364
55911825, 22391798.543442
55911826, 22391806.449615
55911827, 22391814.890820
55911828, 22391823.327494
55911829, 22391831.639189
55911830, 22391840.377173
55911831, 22391848.566531
55911832, 22391856.528208
55911833, 22391864.930523
55911834, 22391873.268271
55911835, 22391882.183718
55911836, 22391889.788203
55911837, 22391898.372889
55911838, 22391908.318377
55911839, 22391915.458815
55911840, 22391923.444658
55911841, 22391931.613627
55911842, 22391939.900024
55911843, 22391948.372946
55911844, 22391956.444876
55911845, 22391965.108477
55911846, 22391973.206461
55911847, 22391981.582722
55911848, 22391989.880446
55911849, 22391998.397167
55911850, 22392006.717169
55911851, 22392015.376994
55911852, 22392023.394553
55911853, 22392031.485740
55911854, 22392040.847110
55911855, 22392048.599985
55911856, 22392056.462358
55911857, 22392064.837487
55911858, 22392072.938491
55911859, 22392081.329478
55911860, 22392089.694034
55911861, 22392098.264372
55911862, 22392106.649318
55911863, 22392114.682735
55911864, 22392123.414300
55911865, 22392132.233086
55911866, 22392139.823224
55911867, 22392148.561207
55911868, 22392156.508914
55911869, 22392164.734520
55911870, 22392173.398876
55911871, 22392181.557650
55911872, 22392190.278266
55911873, 22392198.235412
55911874, 22392206.475366
55911875, 22392214.843320
55911876, 22392223.572997
55911877, 22392231.498427
55911878, 22392239.805968
55911879, 22392248.174678
55911880, 22392256.432756
55911881, 22392265.280238
55911882, 22392273.469974
55911883, 22392281.445244
55911884, 22392290.226650
55911885, 22392298.537212
55911886, 22392306.484541
55911887, 22392314.917439
55911888, 22392323.349960
55911889, 22392332.184605
55911890, 22392339.827226
55911891, 22392348.636573
55911892, 22392356.697554
55911893, 22392364.780812
55911894, 22392373.391928
55911895, 22392381.404579
55911896, 22392389.783861
55911897, 22392398.542612
55911898, 22392406.714224
55911899, 22392414.690249
55911900, 22392423.380658
55911901, 22392431.563975
55911902, 22392439.728790
55911903, 22392448.499624
55911904, 22392456.706351
55911905, 22392465.292548
55911906, 22392473.111876
55911907, 22392481.738474
55911908, 22392489.827773
55911909, 22392498.165521
55911910, 22392506.464378
55911911, 22392515.292227
55911912, 22392523.149691
55911913, 22392531.638472
55911914, 22392540.332279
55911915, 22392548.365318
55911916, 22392556.495774
55911917, 22392564.827103
55911918, 22392573.503541
55911919, 22392582.180357
55911920, 22392590.160913
55911921, 22392598.121835
55911922, 22392606.294580
55911923, 22392614.886818
55911924, 22392623.090524
55911925, 22392631.546833
55911926, 22392639.770551
55911927, 22392648.443213
55911928, 22392656.271227
55911929, 22392665.449470
55911930, 22392673.368103
55911931, 22392681.889355
55911932, 22392689.781935
55911933, 22392698.503683
55911934, 22392706.376251
55911935, 22392715.363816
55911936, 22392723.248466
55911937, 22392732.118226
55911938, 22392739.776706
55911939, 22392748.548672
55911940, 22392756.569251
55911941, 22392764.822044
55911942, 22392773.208122
55911943, 22392781.744100
55911944, 22392789.743157
55911945, 22392798.439985
55911946, 22392806.579503
55911947, 22392815.289546
55911948, 22392823.461158
55911949, 22392831.402068
55911950, 22392839.805137
55911951, 22392848.438154
55911952, 22392856.496114
55911953, 22392864.814228
55911954, 22392873.476695
55911955, 22392881.519930
55911956, 22392889.767813
55911957, 22392898.285290
55911958, 22392906.385162
55911959, 22392914.829765
55911960, 22392923.606262
55911961, 22392931.742004
55911962, 22392939.890962
55911963, 22392948.586279
55911964, 22392956.468664
55911965, 22392965.374294
55911966, 22392973.483228
55911967, 22392982.217813
55911968, 22392989.805685
55911969, 22392998.043751
55911970, 22393006.656756
55911971, 22393015.341501
55911972, 22393023.328853
55911973, 22393032.061929
55911974, 22393039.750615
55911975, 22393048.473873
55911976, 22393056.755361
55911977, 22393064.854100
55911978, 22393073.531294
55911979, 22393081.623991
55911980, 22393089.791450
55911981, 22393098.459959
55911982, 22393106.411441
55911983, 22393115.525496
55911984, 22393123.470937
55911985, 22393131.484720
55911986, 22393140.477572
55911987, 22393148.263296
55911988, 22393156.500985
55911989, 22393165.390379
55911990, 22393173.561991
55911991, 22393181.464765
55911992, 22393190.277888
55911993, 22393198.449123
55911994, 22393207.134245
55911995, 22393214.735332
55911996, 22393223.417434
55911997, 22393231.721577
55911998, 22393239.906027
55911999, 22393249.470536
55912000, 22393256.521110
55912001, 22393264.863389
55912002, 22393273.481302
55912003, 22393281.539640
55912004, 22393289.691618
55912005, 22393298.418274
55912006, 22393306.503043
55912007, 22393315.318053
55912008, 22393323.488533
55912009, 22393332.282399
55912010, 22393339.869137
55912011, 22393348.127971
55912012, 22393356.460810
55912013, 22393364.683773
55912014, 22393373.060790
55912015, 22393381.508791
55912016, 22393389.632828
55912017, 22393398.340983
55912018, 22393406.511085
55912019, 22393414.839016
55912020, 22393423.475808
55912021, 22393431.832435
55912022, 22393439.758619
55912023, 22393448.124308
55912024, 22393456.618375
55912025, 22393465.251769
55912026, 22393473.499275
55912027, 22393481.734698
55912028, 22393489.711101
55912029, 22393498.442288
55912030, 22393506.545936
55912031, 22393514.921819
55912032, 22393523.204818
55912033, 22393531.599958
55912034, 22393540.157458
55912035, 22393548.416292
55912036, 22393556.467078
55912037, 22393564.803316
55912038, 22393573.091600
55912039, 22393581.593974
55912040, 22393589.665149
55912041, 22393598.604006
55912042, 22393606.619300
55912043, 22393614.904942
55912044, 22393623.570807
55912045, 22393631.725051
55912046, 22393639.641041
55912047, 22393648.170600
55912048, 22393656.515899
55912049, 22393664.960125
55912050, 22393673.150994
55912051, 22393681.366405
55912052, 22393690.136861
55912053, 22393698.519541
55912054, 22393706.588451
55912055, 22393714.845397
55912056, 22393723.166531
55912057, 22393731.411772
55912058, 22393739.753296
55912059, 22393748.331940
55912060, 22393756.398585
55912061, 22393764.884722
55912062, 22393773.420700
55912063, 22393781.470354
55912064, 22393790.287630
55912065, 22393798.157177
55912066, 22393806.394866
55912067, 22393814.707316
55912068, 22393823.298420
55912069, 22393831.412640
55912070, 22393840.166105
55912071, 22393848.532549
55912072, 22393856.402096
55912073, 22393864.845567
55912074, 22393873.417038
55912075, 22393881.390797
55912076, 22393889.800663
55912077, 22393898.437078
55912078, 22393906.493150
55912079, 22393914.937376
55912080, 22393923.475242
55912081, 22393931.436164
55912082, 22393939.758808
55912083, 22393948.653488
55912084, 22393956.603460
55912085, 22393964.869845
55912086, 22393973.175499
55912087, 22393981.630297
55912088, 22393989.850239
55912089, 22393998.573120
55912090, 22394006.647316
55912091, 22394014.920498
55912092, 22394023.545207
55912093, 22394032.106106
55912094, 22394039.740798
55912095, 22394049.347596
55912096, 22394056.394771
55912097, 22394065.280012
55912098, 22394073.563766
55912099, 22394081.371012
55912100, 22394089.843179
55912101, 22394098.598909
55912102, 22394106.520185
55912103, 22394114.854534
55912104, 22394123.281392
55912105, 22394131.603659
55912106, 22394139.810386
55912107, 22394148.586128
55912108, 22394156.506649
55912109, 22394164.893482
55912110, 22394173.302970
55912111, 22394181.693580
55912112, 22394189.806667
55912113, 22394198.513311
55912114, 22394206.461773
55912115, 22394215.326247
55912116, 22394223.517115
55912117, 22394231.520326
55912118, 22394240.234523
55912119, 22394248.419728
55912120, 22394256.626833
55912121, 22394264.938150
55912122, 22394273.386151
55912123, 22394281.636678
55912124, 22394289.828302
55912125, 22394298.582900
55912126, 22394306.554394
55912127, 22394314.849852
55912128, 22394323.176273
55912129, 22394331.370540
55912130, 22394340.334317
55912131, 22394348.485540
55912132, 22394356.540480
55912133, 22394365.302629
55912134, 22394373.351905
55912135, 22394382.124626
55912136, 22394389.854091
55912137, 22394398.512405
55912138, 22394406.453315
55912139, 22394414.853742
55912140, 22394423.037814
55912141, 22394431.504317
55912142, 22394439.842442
55912143, 22394448.359541
55912144, 22394456.602139
55912145, 22394464.872677
55912146, 22394473.311617
55912147, 22394481.710533
55912148, 22394489.823620
55912149, 22394498.446064
55912150, 22394506.496095
55912151, 22394515.270327
55912152, 22394523.190470
55912153, 22394531.598070
55912154, 22394540.354556
55912155, 22394548.462357
55912156, 22394556.387408
55912157, 22394564.735351
55912158, 22394573.434444
55912159, 22394581.571696
55912160, 22394589.775780
55912161, 22394598.234732
55912162, 22394606.544161
55912163, 22394615.375785
55912164, 22394623.319338
55912165, 22394631.719765
55912166, 22394640.250834
55912167, 22394648.579520
55912168, 22394656.648808
55912169, 22394664.917081
55912170, 22394673.085295
55912171, 22394681.565768
55912172, 22394689.855941
55912173, 22394698.439494
55912174, 22394706.392109
55912175, 22394715.123674
55912176, 22394723.110649
55912177, 22394732.299465
55912178, 22394740.347231
55912179, 22394748.530925
55912180, 22394756.425015
55912181, 22394764.709147
55912182, 22394773.271933
55912183, 22394781.722578
55912184, 22394789.808479
55912185, 22394798.601967
55912186, 22394807.345993
55912187, 22394814.856838
55912188, 22394823.125488
55912189, 22394831.367330
55912190, 22394839.889338
55912191, 22394848.177245
55912192, 22394856.420975
55912193, 22394864.742110
55912194, 22394873.170477
55912195, 22394881.561841
55912196, 22394889.970197
55912197, 22394898.636441
55912198, 22394906.604914
55912199, 22394914.713093
55912200, 22394923.839608
55912201, 22394931.785049
55912202, 22394939.890206
55912203, 22394948.680297
55912204, 22394956.725041
55912205, 22394964.656134
55912206, 22394973.514189
55912207, 22394981.501919
55912208, 22394989.830228
55912209, 22394998.552731
55912210, 22395006.656001
55912211, 22395014.797029
55912212, 22395023.402859
55912213, 22395031.502731
55912214, 22395040.290933
55912215, 22395048.457259
55912216, 22395056.501627
55912217, 22395064.826537
55912218, 22395073.441807
55912219, 22395081.562446
55912220, 22395089.828075
55912221, 22395098.492053
55912222, 22395106.416728
55912223, 22395115.022558
55912224, 22395123.527197
55912225, 22395131.586290
55912226, 22395140.144923
55912227, 22395148.226293
55912228, 22395156.434531
55912229, 22395164.891972
55912230, 22395173.536693
55912231, 22395181.487043
55912232, 22395189.943729
55912233, 22395198.330562
55912234, 22395206.542575
55912235, 22395214.902223
55912236, 22395223.462744
55912237, 22395232.096515
55912238, 22395240.118983
55912239, 22395248.510347
55912240, 22395256.320992
55912241, 22395264.878492
55912242, 22395273.444299
55912243, 22395281.777893
55912244, 22395289.846803
55912245, 22395298.420917
55912246, 22395306.457733
55912247, 22395314.943870
55912248, 22395323.132473
55912249, 22395331.851578
55912250, 22395339.827603
55912251, 22395348.499511
55912252, 22395356.390958
55912253, 22395365.250523
55912254, 22395373.546359
55912255, 22395381.404201
55912256, 22395389.794811
55912257, 22395398.439910
55912258, 22395406.397811
55912259, 22395415.424267
55912260, 22395423.482982
55912261, 22395431.448813
55912262, 22395439.779386
55912263, 22395448.514727
55912264, 22395456.471496
55912265, 22395464.895710
55912266, 22395473.561576
55912267, 22395481.640680
55912268, 22395489.859868
55912269, 22395498.498170
55912270, 22395506.510443
55912271, 22395515.259755
55912272, 22395523.471768
55912273, 22395531.645646
55912274, 22395539.983393
55912275, 22395548.282628
55912276, 22395556.598476
55912277, 22395564.864861
55912278, 22395573.532238
55912279, 22395581.366292
55912280, 22395589.698754
55912281, 22395598.378213
55912282, 22395606.736728
55912283, 22395615.371254
55912284, 22395623.570430
55912285, 22395631.712213
55912286, 22395639.790185
55912287, 22395648.416028
55912288, 22395656.571026
55912289, 22395665.431724
55912290, 22395673.417189
55912291, 22395681.660541
55912292, 22395690.446100
55912293, 22395698.149889
55912294, 22395706.623567
55912295, 22395714.891084
55912296, 22395723.449340
55912297, 22395731.805589
55912298, 22395739.710251
55912299, 22395748.156365
55912300, 22395756.528095
55912301, 22395764.921347
55912302, 22395773.386340
55912303, 22395781.425421
55912304, 22395789.672550
55912305, 22395798.126215
55912306, 22395806.621792
55912307, 22395814.795292
55912308, 22395823.371671
55912309, 22395831.451154
55912310, 22395839.724335
55912311, 22395848.259180
55912312, 22395857.115347
55912313, 22395864.773449
55912314, 22395873.205970
55912315, 22395881.728732
55912316, 22395890.331542
55912317, 22395898.066293
55912318, 22395906.568666
55912319, 22395915.289659
55912320, 22395923.532256
55912321, 22395931.655916
55912322, 22395940.148094
55912323, 22395948.181512
55912324, 22395956.502269
55912325, 22395964.873999
55912326, 22395973.107534
55912327, 22395982.028267
55912328, 22395989.712045
55912329, 22396000.660389
55912330, 22396006.714148
55912331, 22396020.943673
55912332, 22396023.563709
55912333, 22396032.333787
55912334, 22396040.244113
55912335, 22396048.173696
55912336, 22396056.581296
55912337, 22396064.721569
55912338, 22396073.481075
55912339, 22396081.597183
55912340, 22396089.660052
55912341, 22396098.119003
55912342, 22396106.674993
55912343, 22396114.793744
55912344, 22396123.576282
55912345, 22396131.729016
55912346, 22396139.695979
55912347, 22396148.264806
55912348, 22396157.125127
55912349, 22396164.843264
55912350, 22396173.200646
55912351, 22396181.704907
55912352, 22396189.643929
55912353, 22396198.511423
55912354, 22396206.615449
55912355, 22396214.925255
55912356, 22396223.407239
55912357, 22396231.638132
55912358, 22396239.702511
55912359, 22396248.104825
55912360, 22396256.414632
55912361, 22396264.821100
55912362, 22396273.065963
55912363, 22396281.859829
55912364, 22396290.348231
55912365, 22396298.570817
55912366, 22396307.197037
55912367, 22396315.361475
55912368, 22396323.336745
55912369, 22396331.760204
55912370, 22396339.878577
55912371, 22396348.410779
55912372, 22396356.615618
55912373, 22396364.839337
55912374, 22396373.387020
55912375, 22396381.409865
55912376, 22396389.854468
55912377, 22396398.171072
55912378, 22396406.514861
55912379, 22396414.883570
55912380, 22396423.263230
55912381, 22396431.539810
55912382, 22396440.374832
55912383, 22396448.212285
55912384, 22396456.560227
55912385, 22396464.845114
55912386, 22396473.506826
55912387, 22396481.932928
55912388, 22396489.807384
55912389, 22396498.173828
55912390, 22396506.553487
55912391, 22396514.888970
55912392, 22396523.564275
55912393, 22396532.109315
55912394, 22396540.285081
55912395, 22396548.117248
55912396, 22396556.520317
55912397, 22396564.795764
55912398, 22396573.412544
55912399, 22396581.347791
55912400, 22396590.349704
55912401, 22396598.174697
55912402, 22396606.727288
55912403, 22396614.843773
55912404, 22396623.379374
55912405, 22396631.367482
55912406, 22396639.793961
55912407, 22396648.204582
55912408, 22396656.690719
55912409, 22396664.991464
55912410, 22396673.087183
55912411, 22396681.532164
55912412, 22396690.261086
55912413, 22396698.290727
55912414, 22396706.571083
55912415, 22396714.882778
55912416, 22396723.355322
55912417, 22396731.369483
55912418, 22396740.341567
55912419, 22396748.137486
55912420, 22396756.536024
55912421, 22396764.877170
55912422, 22396773.043119
55912423, 22396781.516041
55912424, 22396790.484349
55912425, 22396798.264410
55912426, 22396806.424317
55912427, 22396814.790383
55912428, 22396823.033736
55912429, 22396831.709797
55912430, 22396839.814955
55912431, 22396848.189705
55912432, 22396856.636574
55912433, 22396864.856517
55912434, 22396873.432896
55912435, 22396881.495387
55912436, 22396890.276793
55912437, 22396898.229030
55912438, 22396906.596607
55912439, 22396914.766709
55912440, 22396923.249826
55912441, 22396932.200388
55912442, 22396939.866041
55912443, 22396948.308002
55912444, 22396956.681997
55912445, 22396964.766388
55912446, 22396973.067133
55912447, 22396981.575548
55912448, 22396990.471361
55912449, 22396998.121155
55912450, 22397006.497417
55912451, 22397014.717737
55912452, 22397023.454966
55912453, 22397031.493292
55912454, 22397040.303771
55912455, 22397048.396846
55912456, 22397056.957367
55912457, 22397064.838242
55912458, 22397073.311919
55912459, 22397081.486552
55912460, 22397090.485822
55912461, 22397098.090685
55912462, 22397106.627795
55912463, 22397114.853779
55912464, 22397123.041627
55912465, 22397131.592331
55912466, 22397140.369961
55912467, 22397148.550258
55912468, 22397156.571215
55912469, 22397164.746980
55912470, 22397173.496669
55912471, 22397181.666394
55912472, 22397189.865192
55912473, 22397198.324521
55912474, 22397206.588263
55912475, 22397214.687002
55912476, 22397223.587723
55912477, 22397231.584515
55912478, 22397240.344399
55912479, 22397248.245285
55912480, 22397256.549428
55912481, 22397264.824875
55912482, 22397274.569868
55912483, 22397281.560784
55912484, 22397290.409399
55912485, 22397298.515690
55912486, 22397310.990595
55912487, 22397316.427009
55912488, 22397325.073618
55912489, 22397333.128180
55912490, 22397340.831592
55912491, 22397349.167829
55912492, 22397358.716103
55912493, 22397364.715113
55912494, 22397373.419114
55912495, 22397381.621310
55912496, 22397390.486539
55912497, 22397398.179756
55912498, 22397406.459734
55912499, 22397414.963240
55912500, 22397423.510546
55912501, 22397431.607774
55912502, 22397439.843198
55912503, 22397448.587600
55912504, 22397459.998104
55912505, 22397465.093562
55912506, 22397473.440372
55912507, 22397481.679571
55912508, 22397490.415667
55912509, 22397498.537816
55912510, 22397506.555753
55912511, 22397515.125713
55912512, 22397523.309408
55912513, 22397533.101976
55912514, 22397541.057990
55912515, 22397548.290180
55912516, 22397556.586771
55912517, 22397564.972472
55912518, 22397573.543565
55912519, 22397581.493537
55912520, 22397589.755769
55912521, 22397598.017245
55912522, 22397606.472043
55912523, 22397614.895880
55912524, 22397623.438276
55912525, 22397631.518136
55912526, 22397640.258386
55912527, 22397648.555733
55912528, 22397656.589905
55912529, 22397664.905753
55912530, 22397673.292587
55912531, 22397681.639774
55912532, 22397689.895587
55912533, 22397698.283931
55912534, 22397706.671142
55912535, 22397714.834447
55912536, 22397723.673245
55912537, 22397732.943619
55912538, 22397740.696871
55912539, 22397748.412365
55912540, 22397756.445405
55912541, 22397764.804675
55912542, 22397773.171496
55912543, 22397781.559840
55912544, 22397789.856432
55912545, 22397798.151135
55912546, 22397806.443951
55912547, 22397814.912720
55912548, 22397823.352415
55912549, 22397831.542906
55912550, 22397840.376040
55912551, 22397848.599003
55912552, 22397856.387748
55912553, 22397864.921838
55912554, 22397873.241840
55912555, 22397881.366254
55912556, 22397889.707023
55912557, 22397898.548842
55912558, 22397906.613598
55912559, 22397914.910945
55912560, 22397923.109743
55912561, 22397931.581155
55912562, 22397939.845652
55912563, 22397948.222291
55912564, 22397957.109419
55912565, 22397964.856252
55912566, 22397973.498708
55912567, 22397981.810026
55912568, 22397989.789826
55912569, 22397998.595775
55912570, 22398006.715281
55912571, 22398015.186693
55912572, 22398023.475355
55912573, 22398031.720595
55912574, 22398040.044750
55912575, 22398048.253743
55912576, 22398057.269249
55912577, 22398065.599823
55912578, 22398073.179766
55912579, 22398081.727826
55912580, 22398089.990058
55912581, 22398098.404455
55912582, 22398106.644031
55912583, 22398116.051844
55912584, 22398123.454324
55912585, 22398131.911010
55912586, 22398140.114716
55912587, 22398148.173054
55912588, 22398156.566684
55912589, 22398164.897635
55912590, 22398173.495914
55912591, 22398181.450040
55912592, 22398190.084944
55912593, 22398198.298090
55912594, 22398206.453089
55912595, 22398215.119710
55912596, 22398223.578284
55912597, 22398231.933400
55912598, 22398240.105390
55912599, 22398248.300790
55912600, 22398256.544142
55912601, 22398265.227377
55912602, 22398273.644417
55912603, 22398282.073162
55912604, 22398289.863039
55912605, 22398298.495301
55912606, 22398307.243857
55912607, 22398315.185145
55912608, 22398323.225358
55912609, 22398331.611437
55912610, 22398341.055120
55912611, 22398348.407381
55912612, 22398356.706616
55912613, 22398365.095337
55912614, 22398373.376070
55912615, 22398381.522007
55912616, 22398389.914504
55912617, 22398398.562246
55912618, 22398406.630023
55912619, 22398414.890744
55912620, 22398423.461460
55912621, 22398431.562087
55912622, 22398439.758619
55912623, 22398448.479612
55912624, 22398456.602894
55912625, 22398464.937244
55912626, 22398473.459629
55912627, 22398481.566674
55912628, 22398492.255620
55912629, 22398499.862749
55912630, 22398507.122502
55912631, 22398516.324156
55912632, 22398523.857656
55912633, 22398532.209752
55912634, 22398539.971688
55912635, 22398548.381177
55912636, 22398556.518051
55912637, 22398564.887894
55912638, 22398574.604946
55912639, 22398590.267391
55912640, 22398590.492052
55912641, 22398598.462791
55912642, 22398606.547559
55912643, 22398617.985249
55912644, 22398625.605593
55912645, 22398632.281983
55912646, 22398640.182492
55912647, 22398648.503626
55912648, 22398656.665044
55912649, 22398665.181010
55912650, 22398675.397224
55912651, 22398682.075125
55912652, 22398690.043221
55912653, 22398698.345854
55912654, 22398706.589207
55912655, 22398715.587344
55912656, 22398723.809930
55912657, 22398731.824846
55912658, 22398739.823903
55912659, 22398748.549049
55912660, 22398756.534136
55912661, 22398765.115424
55912662, 22398773.296098
55912663, 22398781.334424
55912664, 22398790.228349
55912665, 22398798.574026
55912666, 22398806.605178
55912667, 22398815.418301
55912668, 22398823.506090
55912669, 22398831.411507
55912670, 22398840.379816
55912671, 22398848.586543
55912672, 22398856.657719
55912673, 22398864.847077
55912674, 22398873.361533
55912675, 22398881.364366
55912676, 22398889.741760
55912677, 22398898.343815
55912678, 22398907.275876
55912679, 22398915.384809
55912680, 22398923.400103
55912681, 22398931.701981
55912682, 22398940.266277
55912683, 22398948.601005
55912684, 22398956.622717
55912685, 22398964.782247
55912686, 22398973.331062
55912687, 22398981.471335
55912688, 22398989.854393
55912689, 22398998.229521
55912690, 22399006.632591
55912691, 22399014.807601
55912692, 22399023.242765
55912693, 22399031.646590
55912694, 22399040.345683
55912695, 22399048.169543
55912696, 22399056.526925
55912697, 22399065.554513
55912698, 22399073.559612
55912699, 22399081.629277
55912700, 22399090.406530
55912701, 22399098.330449
55912702, 22399106.591170
55912703, 22399115.505484
55912704, 22399123.417321
55912705, 22399131.573452
55912706, 22399140.990327
55912707, 22399148.560452
55912708, 22399156.934070
55912709, 22399165.715854
55912710, 22399173.336953
55912711, 22399181.686028
55912712, 22399189.880673
55912713, 22399198.401925
55912714, 22399206.628286
55912715, 22399215.388925
55912716, 22399223.390626
55912717, 22399231.808043
55912718, 22399240.279077
55912719, 22399248.472212
55912720, 22399256.613995
55912721, 22399265.426362
55912722, 22399273.267213
55912723, 22399281.587592
55912724, 22399290.393541
55912725, 22399298.597625
55912726, 22399307.149084
55912727, 22399315.560460
55912728, 22399323.595010
55912729, 22399331.622764
55912730, 22399340.520087
55912731, 22399348.630531
55912732, 22399356.577860
55912733, 22399365.373992
55912734, 22399373.232967
55912735, 22399381.708909
55912736, 22399389.916769
55912737, 22399398.237904
55912738, 22399406.367982
55912739, 22399414.728007
55912740, 22399423.097472
55912741, 22399431.445792
55912742, 22399439.734454
55912743, 22399448.359164
55912744, 22399456.654245
55912745, 22399464.924406
55912746, 22399473.505694
55912747, 22399481.553082
55912748, 22399489.901779
55912749, 22399498.600117
55912750, 22399506.541782
55912751, 22399515.406256
55912752, 22399523.525384
55912753, 22399531.784973
55912754, 22399540.360975
55912755, 22399548.598664
55912756, 22399556.703066
55912757, 22399565.312295
55912758, 22399573.508828
55912759, 22399582.138068
55912760, 22399589.900382
55912761, 22399598.550012
55912762, 22399606.608728
55912763, 22399614.680658
55912764, 22399624.630300
55912765, 22399634.530102
55912766, 22399639.977088
55912767, 22399648.419426
55912768, 22399656.657492
55912769, 22399665.225187
55912770, 22399673.382074
55912771, 22399681.587290
55912772, 22399690.298844
55912773, 22399698.524450
55912774, 22399706.586941
55912775, 22399714.763839
55912776, 22399723.418378
55912777, 22399731.764810
55912778, 22399739.789921
55912779, 22399748.420294
55912780, 22399756.541310
55912781, 22399765.298929
55912782, 22399773.277597
55912783, 22399781.680666
55912784, 22399789.843594
55912785, 22399798.211171
55912786, 22399806.369568
55912787, 22399814.797180
55912788, 22399823.459270
55912789, 22399831.662599
55912790, 22399840.171014
55912791, 22399848.497434
55912792, 22399857.050026
55912793, 22399865.129508
55912794, 22399873.418925
55912795, 22399881.535788
55912796, 22399890.484463
55912797, 22399898.493715
55912798, 22399906.532418
55912799, 22399914.750473
55912800, 22399923.364610
55912801, 22399931.359892
55912802, 22399940.332732
55912803, 22399948.539836
55912804, 22399956.420711
55912805, 22399964.875887
55912806, 22399973.598012
55912807, 22399982.151359
55912808, 22399989.707514
55912809, 22399998.344306
55912810, 22400007.130243
55912811, 22400014.910303
55912812, 22400023.312995
55912813, 22400032.597717
55912814, 22400040.401565
55912815, 22400048.356068
55912816, 22400056.453674
55912817, 22400065.533746
55912818, 22400073.293795
55912819, 22400081.489950
55912820, 22400089.930022
55912821, 22400098.168466
55912822, 22400106.674238
55912823, 22400114.776375
55912824, 22400123.165096
55912825, 22400132.790019
55912826, 22400140.129819
55912827, 22400148.721679
55912828, 22400156.641067
55912829, 22400164.867806
55912830, 22400173.508752
55912831, 22400181.340541
55912832, 22400190.414195
55912833, 22400198.346420
55912834, 22400206.498776
55912835, 22400215.329267
55912836, 22400223.371747
55912837, 22400231.730639
55912838, 22400240.252647
55912839, 22400248.590017
55912840, 22400256.520355
55912841, 22400264.933996
55912842, 22400273.442411
55912843, 22400281.632147
55912844, 22400289.845671
55912845, 22400298.550050
55912846, 22400306.672577
55912847, 22400315.429817
55912848, 22400323.544037
55912849, 22400331.577832
55912850, 22400339.968819
55912851, 22400348.710201
55912852, 22400357.075135
55912853, 22400365.241083
55912854, 22400373.511622
55912855, 22400382.087246
55912856, 22400389.956415
55912857, 22400398.295296
55912858, 22400407.114082
55912859, 22400414.808054
55912860, 22400423.247749
55912861, 22400431.910972
55912862, 22400440.197369
55912863, 22400448.271187
55912864, 22400456.669348
55912865, 22400464.896842
55912866, 22400473.566107
55912867, 22400481.563276
55912868, 22400490.471549
55912869, 22400498.155327
55912870, 22400506.530455
55912871, 22400515.421737
55912872, 22400523.540110
55912873, 22400531.673209
55912874, 22400540.010202
55912875, 22400548.503891
55912876, 22400556.496152
55912877, 22400565.299457
55912878, 22400573.436332
55912879, 22400581.439920
55912880, 22400590.490164
55912881, 22400598.559452
55912882, 22400606.601931
55912883, 22400615.311219
55912884, 22400623.336707
55912885, 22400631.459989
55912886, 22400640.004651
55912887, 22400648.439815
55912888, 22400656.634837
55912889, 22400665.291264
55912890, 22400673.538770
55912891, 22400681.887090
55912892, 22400690.514443
55912893, 22400699.070432
55912894, 22400706.622434
55912895, 22400715.007002
55912896, 22400723.569033
55912897, 22400731.615288
55912898, 22400739.766511
55912899, 22400748.473911
55912900, 22400756.515635
55912901, 22400764.902468
55912902, 22400773.299874
55912903, 22400781.698413
55912904, 22400790.141506
55912905, 22400798.390899
55912906, 22400806.513804
55912907, 22400815.334855
55912908, 22400823.373559
55912909, 22400831.703000
55912910, 22400839.757940
55912911, 22400848.313174
55912912, 22400856.809884
55912913, 22400864.958086
55912914, 22400873.115350
55912915, 22400881.469712
55912916, 22400890.066480
55912917, 22400898.538269
55912918, 22400906.697421
55912919, 22400915.371217
55912920, 22400923.611926
55912921, 22400931.486759
55912922, 22400939.743705
55912923, 22400948.076167
55912924, 22400956.686151
55912925, 22400964.801126
55912926, 22400973.557989
55912927, 22400981.633318
55912928, 22400990.190063
55912929, 22400998.270300
55912930, 22401006.597853
55912931, 22401015.471011
55912932, 22401023.579567
55912933, 22401033.014944
55912934, 22401039.942048
55912935, 22401048.972658
55912936, 22401057.042323
55912937, 22401065.579056
55912938, 22401074.536792
55912939, 22401082.513573
55912940, 22401090.541326
55912941, 22401098.526413
55912942, 22401107.096751
55912943, 22401115.531915
55912944, 22401123.979539
55912945, 22401131.497558
55912946, 22401140.479082
55912947, 22401148.968995
55912948, 22401156.990708
55912949, 22401165.489305
55912950, 22401173.250109
55912951, 22401181.375279
55912952, 22401191.030407
55912953, 22401198.622055
55912954, 22401207.468782
55912955, 22401215.552418
55912956, 22401223.350602
55912957, 22401231.974179
55912958, 22401240.480328
55912959, 22401248.963067
55912960, 22401256.452768
55912961, 22401265.313843
55912962, 22401273.471107
55912963, 22401281.355758
55912964, 22401289.859641
55912965, 22401299.088858
55912966, 22401306.742052
55912967, 22401315.985617
55912968, 22401323.541771
55912969, 22401331.523083
55912970, 22401340.153834
55912971, 22401348.501399
55912972, 22401356.608822
55912973, 22401364.869921
55912974, 22401373.296400
55912975, 22401382.057417
55912976, 22401390.260368
55912977, 22401398.300582
55912978, 22401406.601705
55912979, 22401415.315523
55912980, 22401423.193377
55912981, 22401431.402370
55912982, 22401439.742383
55912983, 22401448.519636
55912984, 22401456.620263
55912985, 22401464.925539
55912986, 22401473.478130
55912987, 22401481.343146
55912988, 22401490.115490
55912989, 22401498.173828
55912990, 22401506.693948
55912991, 22401514.873111
55912992, 22401523.494423
55912993, 22401531.360949
55912994, 22401540.326237
55912995, 22401548.529189
55912996, 22401556.689473
55912997, 22401565.760861
55912998, 22401573.474468
55912999, 22401581.549041
55913000, 22401589.859981
55913001, 22401598.782602
55913002, 22401606.500739
55913003, 22401615.427136
55913004, 22401623.637639
55913005, 22401631.416567
55913006, 22401640.500038
55913007, 22401648.608594
55913008, 22401656.562342
55913009, 22401665.812703
55913010, 22401673.792127
55913011, 22401681.826677
55913012, 22401690.776484
55913013, 22401698.277134
55913014, 22401706.858044
55913015, 22401715.299250
55913016, 22401724.444644
55913017, 22401731.441978
55913018, 22401739.884316
55913019, 22401748.503740
55913020, 22401756.569629
55913021, 22401765.175837
55913022, 22401773.479603
55913023, 22401781.554177
55913024, 22401790.291783
55913025, 22401798.869295
55913026, 22401806.852872
55913027, 22401815.338631
55913028, 22401823.786255
55913029, 22401831.886882
55913030, 22401840.815922
55913031, 22401848.805163
55913032, 22401856.867276
55913033, 22401865.011703
55913034, 22401873.105911
55913035, 22401881.853334
55913036, 22401890.444817
55913037, 22401898.339662
55913038, 22401907.007416
55913039, 22401914.973246
55913040, 22401923.382734
55913041, 22401931.545662
55913042, 22401940.059740
55913043, 22401948.556450
55913044, 22401956.673313
55913045, 22401964.816984
55913046, 22401973.568561
55913047, 22401981.806627
55913048, 22401989.889508
55913049, 22401998.348837
55913050, 22402007.271081
55913051, 22402015.801395
55913052, 22402023.379072
55913053, 22402031.478188
55913054, 22402039.959417
55913055, 22402048.459147
55913056, 22402056.647373
55913057, 22402064.725345
55913058, 22402073.509394
55913059, 22402081.429537
55913060, 22402090.250966
55913061, 22402098.556997
55913062, 22402106.631571
55913063, 22402114.769201
55913064, 22402123.570619
55913065, 22402131.789806
55913066, 22402140.409985
55913067, 22402148.347119
55913068, 22402156.531946
55913069, 22402165.206874
55913070, 22402173.434369
55913071, 22402181.432293
55913072, 22402190.200106
55913073, 22402198.159518
55913074, 22402206.326221
55913075, 22402214.669633
55913076, 22402223.476337
55913077, 22402231.505601
55913078, 22402240.553201
55913079, 22402249.312330
55913080, 22402256.575104
55913081, 22402265.120899
55913082, 22402273.496405
55913083, 22402281.455061
55913084, 22402289.894756
55913085, 22402298.367301
55913086, 22402307.230264
55913087, 22402315.269723
55913088, 22402323.514963
55913089, 22402331.465313
55913090, 22402341.289220
55913091, 22402349.328679
55913092, 22402357.339064
55913093, 22402365.307537
55913094, 22402373.820861
55913095, 22402381.858431
55913096, 22402390.269053
55913097, 22402398.774824
55913098, 22402407.314200
55913099, 22402414.808432
55913100, 22402423.265495
55913101, 22402432.279869
55913102, 22402440.797345
55913103, 22402448.857571
55913104, 22402456.818493
55913105, 22402465.309916
55913106, 22402473.844006
55913107, 22402482.337695
55913108, 22402490.861968
55913109, 22402498.791551
55913110, 22402507.269004
55913111, 22402515.268439
55913112, 22402523.527650
55913113, 22402531.586365
55913114, 22402540.418367
55913115, 22402548.538628
55913116, 22402556.533532
55913117, 22402564.909038
55913118, 22402573.747081
55913119, 22402582.321195
55913120, 22402590.280607
55913121, 22402598.785245
55913122, 22402607.276669
55913123, 22402616.301237
55913124, 22402623.787539
55913125, 22402631.746195
55913126, 22402640.774162
55913127, 22402648.848736
55913128, 22402657.343557
55913129, 22402665.330155
55913130, 22402674.343773
55913131, 22402682.286571
55913132, 22402690.771953
55913133, 22402699.390621
55913134, 22402706.841431
55913135, 22402715.792748
55913136, 22402723.275652
55913137, 22402732.173353
55913138, 22402739.800116
55913139, 22402748.292294
55913140, 22402756.421617
55913141, 22402765.315165
55913142, 22402773.415414
55913143, 22402781.874743
55913144, 22402789.925529
55913145, 22402798.412044
55913146, 22402806.402040
55913147, 22402814.821723
55913148, 22402823.570656
55913149, 22402831.860829
55913150, 22402840.347344
55913151, 22402848.321481
55913152, 22402856.797801
55913153, 22402865.082688
55913154, 22402873.498595
55913155, 22402881.427423
55913156, 22402890.751413
55913157, 22402898.449915
55913158, 22402906.500702
55913159, 22402915.281730
55913160, 22402923.715383
55913161, 22402931.727279
55913162, 22402940.018584
55913163, 22402949.295376
55913164, 22402957.296699
55913165, 22402965.816441
55913166, 22402973.218166
55913167, 22402981.774911
55913168, 22402989.721862
55913169, 22402998.043751
55913170, 22403006.543482
55913171, 22403015.226716
55913172, 22403023.436464
55913173, 22403031.770436
55913174, 22403040.228632
55913175, 22403048.038144
55913176, 22403056.625473
55913177, 22403065.343823
55913178, 22403073.378373
55913179, 22403081.632298
55913180, 22403090.457881
55913181, 22403098.383310
55913182, 22403106.631194
55913183, 22403114.894180
55913184, 22403123.394288
55913185, 22403131.513794
55913186, 22403140.295578
55913187, 22403148.335792
55913188, 22403156.749056
55913189, 22403164.892727
55913190, 22403173.389814
55913191, 22403181.630523
55913192, 22403189.893510
55913193, 22403198.449123
55913194, 22403206.575047
55913195, 22403215.323226
55913196, 22403223.247522
55913197, 22403231.490875
55913198, 22403239.950204
55913199, 22403248.093120
55913200, 22403256.878302
55913201, 22403265.305159
55913202, 22403273.320830
55913203, 22403281.581551
55913204, 22403290.369376
55913205, 22403298.264221
55913206, 22403306.521544
55913207, 22403314.870242
55913208, 22403323.546680
55913209, 22403331.508735
55913210, 22403339.835155
55913211, 22403348.529340
55913212, 22403356.493282
55913213, 22403365.280729
55913214, 22403374.246772
55913215, 22403381.767434
55913216, 22403389.692108
55913217, 22403398.126517
55913218, 22403406.614542
55913219, 22403415.143724
55913220, 22403423.297212
55913221, 22403431.579833
55913222, 22403440.035764
55913223, 22403448.522279
55913224, 22403457.226658
55913225, 22403465.289904
55913226, 22403473.197210
55913227, 22403482.347890
55913228, 22403489.796434
55913229, 22403498.753415
55913230, 22403507.272024
55913231, 22403515.383601
55913232, 22403523.595237
55913233, 22403531.840100
55913234, 22403540.619995
55913235, 22403549.268493
55913236, 22403556.553922
55913237, 22403565.383280
55913238, 22403573.258114
55913239, 22403581.502599
55913240, 22403590.758624
55913241, 22403599.294602
55913242, 22403607.727878
55913243, 22403615.729201
55913244, 22403623.724861
55913245, 22403632.233275
55913246, 22403640.749997
55913247, 22403648.765290
55913248, 22403657.226129
55913249, 22403665.762863
55913250, 22403673.755879
55913251, 22403681.739833
55913252, 22403690.221817
55913253, 22403698.144226
55913254, 22403706.432510
55913255, 22403715.050801
55913256, 22403723.569410
55913257, 22403731.378922
55913258, 22403739.963608
55913259, 22403748.390843
55913260, 22403756.575670
55913261, 22403764.776734
55913262, 22403773.406352
55913263, 22403781.625539
55913264, 22403789.892680
55913265, 22403798.332374
55913266, 22403806.556470
55913267, 22403815.124165
55913268, 22403823.396214
55913269, 22403831.926528
55913270, 22403840.175922
55913271, 22403849.260526
55913272, 22403856.545200
55913273, 22403865.177083
55913274, 22403873.222961
55913275, 22403881.762715
55913276, 22403889.868628
55913277, 22403898.290954
55913278, 22403906.607557
55913279, 22403915.260963
55913280, 22403923.379714
55913281, 22403931.848860
55913282, 22403940.274207
55913283, 22403948.439022
55913284, 22403957.275555
55913285, 22403964.754306
55913286, 22403973.766036
55913287, 22403981.754899
55913288, 22403990.278794
55913289, 22403999.294678
55913290, 22404006.847812
55913291, 22404014.731707
55913292, 22404023.318659
55913293, 22404031.461952
55913294, 22404040.309057
55913295, 22404048.579973
55913296, 22404057.268872
55913297, 22404065.421605
55913298, 22404073.496179
55913299, 22404081.778800
55913300, 22404089.894152
55913301, 22404098.504891
55913302, 22404106.670462
55913303, 22404115.166039
55913304, 22404123.137155
55913305, 22404131.465841
55913306, 22404139.958775
55913307, 22404148.479650
55913308, 22404156.668253
55913309, 22404165.299004
55913310, 22404173.233118
55913311, 22404181.608624
55913312, 22404190.348873
55913313, 22404198.272792
55913314, 22404206.658870
55913315, 22404215.324359
55913316, 22404223.612266
55913317, 22404231.501070
55913318, 22404240.454653
55913319, 22404248.484672
55913320, 22404256.533192
55913321, 22404265.115613
55913322, 22404273.304971
55913323, 22404281.547569
55913324, 22404290.166992
55913325, 22404298.516823
55913326, 22404306.984459
55913327, 22404315.261794
55913328, 22404323.231400
55913329, 22404331.656369
55913330, 22404340.286365
55913331, 22404348.467039
55913332, 22404356.550297
55913333, 22404365.265626
55913334, 22404373.776306
55913335, 22404382.748390
55913336, 22404390.790115
55913337, 22404398.783131
55913338, 22404406.754625
55913339, 22404414.748774
55913340, 22404423.787313
55913341, 22404432.294594
55913342, 22404440.321971
55913343, 22404448.606102
55913344, 22404457.791897
55913345, 22404465.298211
55913346, 22404473.820219
55913347, 22404482.349023
55913348, 22404490.224234
55913349, 22404498.404530
55913350, 22404506.615788
55913351, 22404515.073607
55913352, 22404523.846706
55913353, 22404531.774023
55913354, 22404539.879181
55913355, 22404548.162935
55913356, 22404556.555810
55913357, 22404564.699858
55913358, 22404573.507317
55913359, 22404581.631354
55913360, 22404590.138258
55913361, 22404598.158083
55913362, 22404606.453164
55913363, 22404615.128470
55913364, 22404623.423173
55913365, 22404631.530219
55913366, 22404640.098669
55913367, 22404648.222706
55913368, 22404656.578200
55913369, 22404664.940113
55913370, 22404673.314109
55913371, 22404681.666582
55913372, 22404690.231257
55913373, 22404698.518031
55913374, 22404707.124994
55913375, 22404714.740429
55913376, 22404723.330024
55913377, 22404732.150321
55913378, 22404740.142959
55913379, 22404748.979114
55913380, 22404756.682903
55913381, 22404765.463176
55913382, 22404773.416924
55913383, 22404781.952525
55913384, 22404790.392220
55913385, 22404799.482864
55913386, 22404807.492494
55913387, 22404815.422454
55913388, 22404823.914633
55913389, 22404832.428711
55913390, 22404840.361314
55913391, 22404848.093422
55913392, 22404856.593908
55913393, 22404865.137815
55913394, 22404873.543150
55913395, 22404882.011541
55913396, 22404890.419896
55913397, 22404898.482765
55913398, 22404907.459380
55913399, 22404915.933435
55913400, 22404923.414074
55913401, 22404931.970441
55913402, 22404940.224366
55913403, 22404948.572686
55913404, 22404956.441856
55913405, 22404965.421114
55913406, 22404974.461918
55913407, 22404981.990887
55913408, 22404990.277661
55913409, 22404998.559150
55913410, 22405006.555187
55913411, 22405015.035283
55913412, 22405023.425892
55913413, 22405032.404773
55913414, 22405040.398544
55913415, 22405048.661153
55913416, 22405056.500872
55913417, 22405064.862407
55913418, 22405073.508261
55913419, 22405081.539791
55913420, 22405090.219250
55913421, 22405098.669139
55913422, 22405106.468079
55913423, 22405115.175478
55913424, 22405123.274217
55913425, 22405131.655010
55913426, 22405140.420935
55913427, 22405148.913113
55913428, 22405157.419262
55913429, 22405164.873093
55913430, 22405174.487442
55913431, 22405181.562559
55913432, 22405189.882183
55913433, 22405198.410609
55913434, 22405206.390410
55913435, 22405214.815757
55913436, 22405223.553741
55913437, 22405231.600751
55913438, 22405239.794263
55913439, 22405248.010052
55913440, 22405256.613617
55913441, 22405264.826008
55913442, 22405273.479036
55913443, 22405281.624218
55913444, 22405290.315004
55913445, 22405298.542876
55913446, 22405306.497756
55913447, 22405314.903469
55913448, 22405323.606715
55913449, 22405331.581230
55913450, 22405340.153078
55913451, 22405348.141186
55913452, 22405356.638651
55913453, 22405364.994900
55913454, 22405373.269970
55913455, 22405381.654915
55913456, 22405390.178055
55913457, 22405398.332676
55913458, 22405406.960407
55913459, 22405416.408998
55913460, 22405423.899077
55913461, 22405431.940423
55913462, 22405440.451103
55913463, 22405448.956875
55913464, 22405456.919307
55913465, 22405465.394494
55913466, 22405473.893469
55913467, 22405482.491748
55913468, 22405490.904635
55913469, 22405499.399079
55913470, 22405507.410974
55913471, 22405515.457607
55913472, 22405523.924110
55913473, 22405531.992643
55913474, 22405540.990403
55913475, 22405548.901106
55913476, 22405556.902429
55913477, 22405565.060448
55913478, 22405573.637583
55913479, 22405582.016109
55913480, 22405589.980052
55913481, 22405598.115416
55913482, 22405607.153577
55913483, 22405615.261001
55913484, 22405623.769415
55913485, 22405631.552874
55913486, 22405640.031082
55913487, 22405648.554600
55913488, 22405656.711864
55913489, 22405665.272762
55913490, 22405673.339784
55913491, 22405681.953922
55913492, 22405690.499339
55913493, 22405698.349630
