Frame Number, Receipt Time, Data Synchronized, Data Processed - General, Data Processed, Delivered To DataStream
55887827, 22191815.482112, 0.000203, 0.000962, 0.000061, 0.000090
55887828, 22191821.873051, 0.000181, 0.000977, 0.000056, 0.000088
55887829, 22191830.395437, 0.000198, 0.000961, 0.000056, 0.000097
55887830, 22191838.527403, 0.000185, 0.000925, 0.000053, 0.000102
55887831, 22191847.015050, 0.000194, 0.001009, 0.000058, 0.000095
55887832, 22191855.337317, 0.000183, 0.000955, 0.000064, 0.000101
55887833, 22191864.061708, 0.000488, 0.000980, 0.000054, 0.000094
55887834, 22191872.184613, 0.000374, 0.000886, 0.000046, 0.000088
55887835, 22191880.187068, 0.000191, 0.000869, 0.000049, 0.000091
55887836, 22191888.713229, 0.000367, 0.000863, 0.000047, 0.000079
55887837, 22191897.222777, 0.000326, 0.000938, 0.000054, 0.000093
55887838, 22191905.176147, 0.000211, 0.000781, 0.000042, 0.000072
55887839, 22191913.819735, 0.000434, 0.000891, 0.000046, 0.000075
55887840, 22191922.106132, 0.000288, 0.000852, 0.000050, 0.000081
55887841, 22191930.175798, 0.000193, 0.000817, 0.000047, 0.000081
55887842, 22191939.101439, 0.000448, 0.000932, 0.000049, 0.000082
55887843, 22191947.216792, 0.000217, 0.000921, 0.000046, 0.000081
55887844, 22191955.172050, 0.000157, 0.000813, 0.000042, 0.000076
55887845, 22191964.101468, 0.000484, 0.000992, 0.000051, 0.000088
55887846, 22191972.095617, 0.000326, 0.000914, 0.000049, 0.000085
55887847, 22191980.176609, 0.000204, 0.000897, 0.000050, 0.000090
55887848, 22191988.557024, 0.000173, 0.000899, 0.000047, 0.000083
55887849, 22191997.074500, 0.000306, 0.000914, 0.000058, 0.000093
55887850, 22192005.178526, 0.000153, 0.000812, 0.000042, 0.000094
55887851, 22192013.788132, 0.000412, 0.000837, 0.000043, 0.000079
55887852, 22192022.085479, 0.000204, 0.000896, 0.000048, 0.000085
55887853, 22192030.371498, 0.000215, 0.000915, 0.000051, 0.000091
55887854, 22192038.621269, 0.000217, 0.000900, 0.000048, 0.000086
55887855, 22192047.217660, 0.000249, 0.000916, 0.000048, 0.000084
55887856, 22192059.552483, 0.000195, 0.000836, 0.000044, 0.000080
55887857, 22192063.598265, 0.000210, 0.000897, 0.000049, 0.000089
55887858, 22192072.520131, 0.000429, 0.000897, 0.000045, 0.000078
55887859, 22192080.577714, 0.000223, 0.000902, 0.000048, 0.000120
55887860, 22192088.907155, 0.000378, 0.000911, 0.000048, 0.000086
55887861, 22192097.247923, 0.000255, 0.000920, 0.000050, 0.000090
55887862, 22192105.144657, 0.000194, 0.000799, 0.000042, 0.000073
55887863, 22192114.564930, 0.000477, 0.000948, 0.000052, 0.000092
55887864, 22192122.011208, 0.000235, 0.000853, 0.000042, 0.000070
55887865, 22192130.327812, 0.000230, 0.000913, 0.000049, 0.000080
55887866, 22192138.821501, 0.000408, 0.000885, 0.000046, 0.000078
55887867, 22192147.240806, 0.000394, 0.000895, 0.000048, 0.000081
55887868, 22192155.393162, 0.000198, 0.000764, 0.000041, 0.000085
55887869, 22192163.448479, 0.000181, 0.000894, 0.000046, 0.000089
55887870, 22192172.032787, 0.000193, 0.000908, 0.000046, 0.000082
55887871, 22192180.327113, 0.000170, 0.000933, 0.000048, 0.000080
55887872, 22192188.442088, 0.000193, 0.000837, 0.000042, 0.000073
55887873, 22192197.407754, 0.000225, 0.000857, 0.000046, 0.000088
55887874, 22192205.156852, 0.000163, 0.000787, 0.000042, 0.000075
55887875, 22192213.883509, 0.000177, 0.000904, 0.000052, 0.000097
55887876, 22192222.317918, 0.000408, 0.000903, 0.000047, 0.000082
55887877, 22192230.888633, 0.000449, 0.001173, 0.000049, 0.000094
55887878, 22192239.021732, 0.000479, 0.000948, 0.000046, 0.000080
55887879, 22192247.408565, 0.000396, 0.000925, 0.000048, 0.000084
55887880, 22192255.162573, 0.000155, 0.000823, 0.000042, 0.000071
55887881, 22192264.194315, 0.000474, 0.000969, 0.000051, 0.000095
55887882, 22192272.158635, 0.000368, 0.000907, 0.000045, 0.000078
55887883, 22192280.568123, 0.000186, 0.000910, 0.000048, 0.000093
55887884, 22192289.198119, 0.000458, 0.001023, 0.000047, 0.000089
55887885, 22192297.350097, 0.000337, 0.000924, 0.000047, 0.000093
55887886, 22192305.378228, 0.000169, 0.000938, 0.000045, 0.000080
55887887, 22192313.998407, 0.000444, 0.000941, 0.000050, 0.000093
55887888, 22192322.288202, 0.000218, 0.000879, 0.000045, 0.000080
55887889, 22192330.266870, 0.000201, 0.000905, 0.000048, 0.000092
55887890, 22192338.917633, 0.000420, 0.000917, 0.000042, 0.000076
55887891, 22192346.919711, 0.000286, 0.000821, 0.000044, 0.000080
55887892, 22192355.231028, 0.000165, 0.000866, 0.000048, 0.000085
55887893, 22192364.267679, 0.000424, 0.001099, 0.000049, 0.000091
55887894, 22192371.975999, 0.000206, 0.000889, 0.000048, 0.000084
55887895, 22192380.247293, 0.000187, 0.000882, 0.000049, 0.000088
55887896, 22192389.003778, 0.000424, 0.000891, 0.000042, 0.000079
55887897, 22192397.342659, 0.000469, 0.000780, 0.000044, 0.000079
55887898, 22192405.235993, 0.000150, 0.000795, 0.000043, 0.000080
55887899, 22192413.862591, 0.000444, 0.000934, 0.000050, 0.000089
55887900, 22192421.993047, 0.000303, 0.000806, 0.000043, 0.000069
55887901, 22192430.231113, 0.000171, 0.000901, 0.000049, 0.000074
55887902, 22192438.823728, 0.000443, 0.000896, 0.000048, 0.000079
55887903, 22192446.777476, 0.000145, 0.000800, 0.000042, 0.000073
55887904, 22192455.250021, 0.000167, 0.000869, 0.000048, 0.000086
55887905, 22192463.563226, 0.000185, 0.000930, 0.000050, 0.000088
55887906, 22192472.290260, 0.000382, 0.000932, 0.000047, 0.000083
55887907, 22192481.274804, 0.000423, 0.001066, 0.000048, 0.000086
55887908, 22192488.588929, 0.000177, 0.000890, 0.000048, 0.000080
55887909, 22192497.107161, 0.000418, 0.000782, 0.000044, 0.000081
55887910, 22192505.421499, 0.000198, 0.000873, 0.000046, 0.000081
55887911, 22192513.939731, 0.000442, 0.000902, 0.000049, 0.000086
55887912, 22192521.990517, 0.000162, 0.000902, 0.000046, 0.000080
55887913, 22192530.603522, 0.000321, 0.001007, 0.000046, 0.000095
55887914, 22192538.550473, 0.000160, 0.000866, 0.000040, 0.000074
55887915, 22192547.320551, 0.000357, 0.000803, 0.000044, 0.000082
55887916, 22192555.594488, 0.000177, 0.000971, 0.000057, 0.000101
55887917, 22192563.857852, 0.000198, 0.001035, 0.000063, 0.000105
55887918, 22192572.143116, 0.000224, 0.000923, 0.000052, 0.000092
55887919, 22192580.372121, 0.000186, 0.000991, 0.000056, 0.000099
55887920, 22192588.705715, 0.000181, 0.000957, 0.000059, 0.000097
55887921, 22192597.130685, 0.000212, 0.000962, 0.000055, 0.000096
55887922, 22192605.312114, 0.000199, 0.000939, 0.000052, 0.000096
55887923, 22192613.671761, 0.000196, 0.000997, 0.000053, 0.000106
55887924, 22192622.006489, 0.000193, 0.000944, 0.000047, 0.000086
55887925, 22192630.250596, 0.000174, 0.000901, 0.000050, 0.000088
55887926, 22192638.925147, 0.000442, 0.000869, 0.000040, 0.000073
55887927, 22192647.184735, 0.000281, 0.000820, 0.000045, 0.000083
55887928, 22192655.336336, 0.000194, 0.000884, 0.000045, 0.000078
55887929, 22192664.243098, 0.000519, 0.000969, 0.000049, 0.000091
55887930, 22192672.240646, 0.000281, 0.000929, 0.000048, 0.000085
55887931, 22192680.230264, 0.000198, 0.000860, 0.000043, 0.000074
55887932, 22192688.613699, 0.000153, 0.000816, 0.000041, 0.000072
55887933, 22192697.244072, 0.000322, 0.000931, 0.000051, 0.000094
55887934, 22192706.392864, 0.000168, 0.000862, 0.000047, 0.000079
55887935, 22192714.772524, 0.000435, 0.000962, 0.000043, 0.000084
55887936, 22192722.295451, 0.000357, 0.000897, 0.000045, 0.000083
55887937, 22192730.137435, 0.000173, 0.000850, 0.000044, 0.000081
55887938, 22192739.964363, 0.000152, 0.000798, 0.000042, 0.000077
55887939, 22192747.209014, 0.000440, 0.000910, 0.000049, 0.000086
55887940, 22192755.337582, 0.000167, 0.000876, 0.000048, 0.000082
55887941, 22192763.397430, 0.000185, 0.000803, 0.000048, 0.000093
55887942, 22192772.150517, 0.000283, 0.000869, 0.000048, 0.000086
55887943, 22192780.199415, 0.000167, 0.000915, 0.000045, 0.000081
55887944, 22192789.594013, 0.000423, 0.000761, 0.000043, 0.000079
55887945, 22192797.274392, 0.000410, 0.000967, 0.000050, 0.000092
55887946, 22192805.194913, 0.000162, 0.000865, 0.000045, 0.000086
55887947, 22192813.930253, 0.000331, 0.000816, 0.000046, 0.000080
55887948, 22192821.976886, 0.000171, 0.000925, 0.000049, 0.000087
55887949, 22192830.552510, 0.000196, 0.000897, 0.000044, 0.000082
55887950, 22192838.736205, 0.000305, 0.000869, 0.000047, 0.000089
55887951, 22192847.160797, 0.000333, 0.000884, 0.000050, 0.000092
55887952, 22192855.568019, 0.000170, 0.000911, 0.000049, 0.000087
55887953, 22192863.741897, 0.000177, 0.000864, 0.000048, 0.000090
55887954, 22192872.149875, 0.000193, 0.000866, 0.000047, 0.000087
55887955, 22192880.509900, 0.000176, 0.000924, 0.000042, 0.000072
55887956, 22192889.803684, 0.000422, 0.000839, 0.000042, 0.000076
55887957, 22192896.931661, 0.000186, 0.000880, 0.000050, 0.000086
55887958, 22192905.237315, 0.000183, 0.000889, 0.000047, 0.000079
55887959, 22192914.129730, 0.000431, 0.000780, 0.000043, 0.000074
55887960, 22192921.973979, 0.000155, 0.000877, 0.000046, 0.000072
55887961, 22192930.614547, 0.000162, 0.000892, 0.000047, 0.000069
55887962, 22192938.840153, 0.000392, 0.000795, 0.000040, 0.000070
55887963, 22192947.667624, 0.000347, 0.000884, 0.000052, 0.000093
55887964, 22192955.394445, 0.000182, 0.000883, 0.000047, 0.000082
55887965, 22192963.491674, 0.000150, 0.000826, 0.000046, 0.000085
55887966, 22192971.924195, 0.000189, 0.000856, 0.000056, 0.000079
55887967, 22192981.128492, 0.000449, 0.001033, 0.000048, 0.000076
55887968, 22192989.052033, 0.000434, 0.000892, 0.000041, 0.000069
55887969, 22192997.552896, 0.000363, 0.000850, 0.000046, 0.000082
55887970, 22193005.353723, 0.000171, 0.000881, 0.000046, 0.000080
55887971, 22193014.023743, 0.000428, 0.000998, 0.000043, 0.000071
55887972, 22193022.111154, 0.000184, 0.000853, 0.000048, 0.000073
55887973, 22193030.798920, 0.000441, 0.001073, 0.000049, 0.000074
55887974, 22193038.778721, 0.000384, 0.000782, 0.000039, 0.000063
55887975, 22193047.342262, 0.000297, 0.000877, 0.000048, 0.000082
55887976, 22193055.369261, 0.000188, 0.000865, 0.000046, 0.000077
55887977, 22193063.596000, 0.000179, 0.000904, 0.000052, 0.000093
55887978, 22193072.558267, 0.000376, 0.000890, 0.000047, 0.000084
55887979, 22193080.288487, 0.000168, 0.000898, 0.000052, 0.000095
55887980, 22193089.860925, 0.000159, 0.000772, 0.000042, 0.000075
55887981, 22193096.960207, 0.000178, 0.000890, 0.000049, 0.000077
55887982, 22193105.379134, 0.000187, 0.000894, 0.000047, 0.000081
55887983, 22193114.292694, 0.000442, 0.000881, 0.000051, 0.000095
55887984, 22193122.469214, 0.000368, 0.000918, 0.000049, 0.000084
55887985, 22193130.577770, 0.000173, 0.000949, 0.000049, 0.000104
55887986, 22193139.103554, 0.000481, 0.000906, 0.000047, 0.000084
55887987, 22193147.361632, 0.000409, 0.000936, 0.000047, 0.000087
55887988, 22193155.215321, 0.000166, 0.000859, 0.000044, 0.000083
55887989, 22193164.035995, 0.000393, 0.000989, 0.000051, 0.000094
55887990, 22193172.459831, 0.000167, 0.000882, 0.000043, 0.000075
55887991, 22193180.193072, 0.000150, 0.000822, 0.000044, 0.000079
55887992, 22193189.017899, 0.000427, 0.000886, 0.000050, 0.000092
55887993, 22193197.402090, 0.000389, 0.000881, 0.000051, 0.000090
55887994, 22193205.852357, 0.000414, 0.001084, 0.000045, 0.000076
55887995, 22193214.247875, 0.000465, 0.000946, 0.000048, 0.000086
55887996, 22193222.020006, 0.000323, 0.000846, 0.000044, 0.000077
55887997, 22193230.134981, 0.000160, 0.000794, 0.000043, 0.000074
55887998, 22193238.813685, 0.000342, 0.000908, 0.000047, 0.000074
55887999, 22193246.997002, 0.000179, 0.000889, 0.000047, 0.000075
55888000, 22193255.474832, 0.000174, 0.000893, 0.000047, 0.000074
55888001, 22193263.896403, 0.000312, 0.000927, 0.000045, 0.000081
55888002, 22193272.963260, 0.000350, 0.000820, 0.000042, 0.000069
55888003, 22193280.582471, 0.000178, 0.000815, 0.000042, 0.000072
55888004, 22193288.938721, 0.000170, 0.000875, 0.000048, 0.000080
55888005, 22193297.253436, 0.000197, 0.000886, 0.000051, 0.000090
55888006, 22193306.194559, 0.000178, 0.000860, 0.000045, 0.000084
55888007, 22193314.261203, 0.000469, 0.001022, 0.000048, 0.000078
55888008, 22193321.745618, 0.000170, 0.000864, 0.000047, 0.000074
55888009, 22193330.630481, 0.000166, 0.000865, 0.000047, 0.000069
55888010, 22193338.780193, 0.000363, 0.000754, 0.000042, 0.000070
55888011, 22193349.131582, 0.000315, 0.000933, 0.000049, 0.000079
55888012, 22193355.290308, 0.000197, 0.000879, 0.000047, 0.000075
55888013, 22193364.248045, 0.000173, 0.000934, 0.000050, 0.000092
55888014, 22193371.898972, 0.000169, 0.000865, 0.000046, 0.000081
55888015, 22193381.040591, 0.000452, 0.000966, 0.000046, 0.000084
55888016, 22193389.698150, 0.000419, 0.000902, 0.000046, 0.000079
55888017, 22193397.476700, 0.000417, 0.000907, 0.000053, 0.000091
55888018, 22193405.611309, 0.000420, 0.000962, 0.000045, 0.000085
55888019, 22193413.558260, 0.000163, 0.000895, 0.000048, 0.000086
55888020, 22193422.077625, 0.000195, 0.000854, 0.000040, 0.000071
55888021, 22193430.276423, 0.000176, 0.000813, 0.000044, 0.000085
55888022, 22193439.092189, 0.000477, 0.000988, 0.000046, 0.000080
55888023, 22193447.178090, 0.000265, 0.000879, 0.000043, 0.000070
55888024, 22193455.344038, 0.000194, 0.000867, 0.000045, 0.000074
55888025, 22193463.869444, 0.000302, 0.000935, 0.000049, 0.000079
55888026, 22193472.017269, 0.000157, 0.000876, 0.000045, 0.000072
55888027, 22193480.171890, 0.000153, 0.000840, 0.000047, 0.000068
55888028, 22193489.103950, 0.000481, 0.001002, 0.000045, 0.000078
55888029, 22193497.617651, 0.000197, 0.000922, 0.000049, 0.000086
55888030, 22193505.717523, 0.000450, 0.001056, 0.000046, 0.000082
55888031, 22193513.630114, 0.000184, 0.000878, 0.000044, 0.000078
55888032, 22193522.070564, 0.000190, 0.000788, 0.000040, 0.000069
55888033, 22193530.367533, 0.000157, 0.000811, 0.000049, 0.000083
55888034, 22193539.720219, 0.000439, 0.000992, 0.000050, 0.000087
55888035, 22193547.465165, 0.000405, 0.000895, 0.000050, 0.000090
55888036, 22193556.972282, 0.000170, 0.000891, 0.000047, 0.000088
55888037, 22193564.503516, 0.000315, 0.000933, 0.000050, 0.000093
55888038, 22193573.180709, 0.000174, 0.000956, 0.000051, 0.000090
55888039, 22193581.601525, 0.000437, 0.001098, 0.000045, 0.000084
55888040, 22193588.619627, 0.000172, 0.000912, 0.000048, 0.000085
55888041, 22193597.213752, 0.000330, 0.000948, 0.000051, 0.000093
55888042, 22193606.334226, 0.000428, 0.001100, 0.000043, 0.000077
55888043, 22193614.056517, 0.000411, 0.000962, 0.000050, 0.000089
55888044, 22193623.969533, 0.000340, 0.000896, 0.000047, 0.000083
55888045, 22193630.437499, 0.000194, 0.000930, 0.000049, 0.000090
55888046, 22193639.121866, 0.000419, 0.000992, 0.000047, 0.000079
55888047, 22193646.957431, 0.000173, 0.000920, 0.000046, 0.000076
55888048, 22193655.345775, 0.000185, 0.000906, 0.000076, 0.000078
55888049, 22193664.018438, 0.000193, 0.000980, 0.000053, 0.000100
55888050, 22193672.680528, 0.000401, 0.000831, 0.000043, 0.000085
55888051, 22193680.727916, 0.000181, 0.000921, 0.000049, 0.000089
55888052, 22193688.817215, 0.000334, 0.000895, 0.000048, 0.000086
55888053, 22193697.171577, 0.000302, 0.000802, 0.000045, 0.000086
55888054, 22193705.703779, 0.000407, 0.001097, 0.000048, 0.000080
55888055, 22193714.086836, 0.000415, 0.000967, 0.000043, 0.000080
55888056, 22193721.813280, 0.000153, 0.000797, 0.000042, 0.000078
55888057, 22193730.528232, 0.000163, 0.000899, 0.000048, 0.000083
55888058, 22193738.952446, 0.000419, 0.000911, 0.000047, 0.000081
55888059, 22193747.428011, 0.000389, 0.000826, 0.000048, 0.000092
55888060, 22193755.165027, 0.000179, 0.000863, 0.000047, 0.000082
55888061, 22193763.905276, 0.000427, 0.000925, 0.000049, 0.000089
55888062, 22193772.300794, 0.000167, 0.000744, 0.000040, 0.000071
55888063, 22193780.891522, 0.000407, 0.001159, 0.000053, 0.000092
55888064, 22193788.924184, 0.000417, 0.000923, 0.000046, 0.000080
55888065, 22193797.141483, 0.000223, 0.000834, 0.000047, 0.000089
55888066, 22193805.177921, 0.000163, 0.000842, 0.000047, 0.000077
55888067, 22193813.560224, 0.000194, 0.000915, 0.000050, 0.000086
55888068, 22193822.030125, 0.000395, 0.000740, 0.000039, 0.000069
55888069, 22193830.918386, 0.000442, 0.001090, 0.000051, 0.000093
55888070, 22193838.905361, 0.000385, 0.000883, 0.000049, 0.000085
55888071, 22193847.238201, 0.000330, 0.000817, 0.000048, 0.000095
55888072, 22193855.148149, 0.000162, 0.000865, 0.000046, 0.000080
55888073, 22193864.061331, 0.000446, 0.001016, 0.000050, 0.000088
55888074, 22193872.385863, 0.000333, 0.000764, 0.000040, 0.000070
55888075, 22193880.429098, 0.000173, 0.000902, 0.000050, 0.000103
55888076, 22193888.871058, 0.000409, 0.000933, 0.000046, 0.000081
55888077, 22193897.357951, 0.000362, 0.000820, 0.000044, 0.000084
55888078, 22193905.287911, 0.000168, 0.000875, 0.000050, 0.000087
55888079, 22193913.677387, 0.000166, 0.000918, 0.000049, 0.000089
55888080, 22193922.317578, 0.000156, 0.000769, 0.000039, 0.000070
55888081, 22193930.772753, 0.000411, 0.001125, 0.000048, 0.000085
55888082, 22193939.138442, 0.000413, 0.001044, 0.000048, 0.000082
55888083, 22193947.124662, 0.000152, 0.000808, 0.000045, 0.000078
55888084, 22193955.208675, 0.000150, 0.000790, 0.000042, 0.000077
55888085, 22193963.886624, 0.000461, 0.000823, 0.000043, 0.000068
55888086, 22193971.709729, 0.000164, 0.000794, 0.000043, 0.000067
55888087, 22193980.605542, 0.000173, 0.000910, 0.000048, 0.000084
55888088, 22193989.106405, 0.000419, 0.000829, 0.000044, 0.000080
55888089, 22193997.212695, 0.000163, 0.000933, 0.000050, 0.000088
55888090, 22194005.400921, 0.000171, 0.000885, 0.000044, 0.000085
55888091, 22194013.729984, 0.000309, 0.000779, 0.000048, 0.000079
55888092, 22194022.226694, 0.000156, 0.000776, 0.000044, 0.000078
55888093, 22194030.249539, 0.000173, 0.000886, 0.000049, 0.000091
55888094, 22194038.762862, 0.000337, 0.000821, 0.000047, 0.000088
55888095, 22194047.085507, 0.000178, 0.000873, 0.000050, 0.000089
55888096, 22194055.157060, 0.000172, 0.000866, 0.000043, 0.000077
55888097, 22194063.848224, 0.000398, 0.000802, 0.000044, 0.000083
55888098, 22194071.904674, 0.000160, 0.000800, 0.000043, 0.000079
55888099, 22194080.380616, 0.000168, 0.000909, 0.000048, 0.000081
55888100, 22194088.415544, 0.000147, 0.000792, 0.000043, 0.000068
55888101, 22194097.207522, 0.000339, 0.000884, 0.000051, 0.000077
55888102, 22194105.145412, 0.000179, 0.000889, 0.000046, 0.000082
55888103, 22194113.959667, 0.000425, 0.000812, 0.000045, 0.000081
55888104, 22194122.034618, 0.000275, 0.000788, 0.000045, 0.000075
55888105, 22194130.327057, 0.000172, 0.000904, 0.000047, 0.000072
55888106, 22194139.022374, 0.000396, 0.000851, 0.000044, 0.000078
55888107, 22194147.173597, 0.000322, 0.000933, 0.000050, 0.000086
55888108, 22194155.497374, 0.000178, 0.000864, 0.000041, 0.000070
55888109, 22194164.076774, 0.000483, 0.000926, 0.000046, 0.000084
55888110, 22194172.445861, 0.000169, 0.000759, 0.000041, 0.000072
55888111, 22194180.517792, 0.000174, 0.000905, 0.000050, 0.000091
55888112, 22194189.087752, 0.000425, 0.000979, 0.000045, 0.000080
55888113, 22194196.890090, 0.000152, 0.000849, 0.000046, 0.000086
55888114, 22194205.209336, 0.000173, 0.000806, 0.000042, 0.000073
55888115, 22194213.544819, 0.000161, 0.000828, 0.000043, 0.000068
55888116, 22194222.140077, 0.000383, 0.000840, 0.000047, 0.000078
55888117, 22194230.326415, 0.000171, 0.000903, 0.000050, 0.000089
55888118, 22194238.586381, 0.000176, 0.000868, 0.000045, 0.000080
55888119, 22194247.117828, 0.000173, 0.000913, 0.000049, 0.000090
55888120, 22194255.270561, 0.000171, 0.000887, 0.000045, 0.000079
55888121, 22194263.630964, 0.000158, 0.000823, 0.000049, 0.000089
55888122, 22194271.895838, 0.000175, 0.000880, 0.000047, 0.000092
55888123, 22194280.562460, 0.000201, 0.000940, 0.000050, 0.000094
55888124, 22194288.801281, 0.000156, 0.000826, 0.000044, 0.000087
55888125, 22194297.265896, 0.000329, 0.000890, 0.000045, 0.000089
55888126, 22194305.385025, 0.000148, 0.000782, 0.000040, 0.000075
55888127, 22194314.119988, 0.000470, 0.001056, 0.000047, 0.000086
55888128, 22194322.221370, 0.000222, 0.000813, 0.000044, 0.000088
55888129, 22194330.236664, 0.000171, 0.000867, 0.000054, 0.000084
55888130, 22194338.765468, 0.000166, 0.000820, 0.000052, 0.000083
55888131, 22194347.003156, 0.000155, 0.000833, 0.000048, 0.000078
55888132, 22194355.283512, 0.000152, 0.000864, 0.000042, 0.000091
55888133, 22194363.524222, 0.000157, 0.000830, 0.000048, 0.000084
55888134, 22194372.056801, 0.000171, 0.000882, 0.000043, 0.000080
55888135, 22194380.149499, 0.000149, 0.000794, 0.000043, 0.000086
55888136, 22194388.491400, 0.000137, 0.000801, 0.000052, 0.000075
55888137, 22194396.996417, 0.000246, 0.000841, 0.000047, 0.000071
55888138, 22194405.288855, 0.000156, 0.000850, 0.000052, 0.000085
55888139, 22194413.784432, 0.000430, 0.000830, 0.000050, 0.000082
55888140, 22194421.872976, 0.000151, 0.000820, 0.000045, 0.000074
55888141, 22194430.094429, 0.000146, 0.000816, 0.000042, 0.000083
55888142, 22194439.018560, 0.000352, 0.000863, 0.000043, 0.000075
55888143, 22194446.913028, 0.000167, 0.000780, 0.000043, 0.000070
55888144, 22194455.111826, 0.000175, 0.000795, 0.000043, 0.000075
55888145, 22194463.687450, 0.000180, 0.000864, 0.000046, 0.000078
55888146, 22194471.957233, 0.000204, 0.000900, 0.000049, 0.000089
55888147, 22194480.808491, 0.000448, 0.001101, 0.000049, 0.000094
55888148, 22194488.683325, 0.000294, 0.000825, 0.000043, 0.000073
55888149, 22194496.894961, 0.000268, 0.000807, 0.000042, 0.000075
55888150, 22194505.043540, 0.000147, 0.000779, 0.000040, 0.000068
55888151, 22194514.029217, 0.000405, 0.000990, 0.000047, 0.000075
55888152, 22194522.435685, 0.000196, 0.000847, 0.000043, 0.000072
55888153, 22194530.490625, 0.000163, 0.000848, 0.000043, 0.000060
55888154, 22194539.215771, 0.000303, 0.000943, 0.000045, 0.000079
55888155, 22194546.893507, 0.000164, 0.000914, 0.000052, 0.000087
55888156, 22194555.173107, 0.000149, 0.000754, 0.000042, 0.000067
55888157, 22194563.569003, 0.000157, 0.000918, 0.000049, 0.000077
55888158, 22194572.436497, 0.000301, 0.000895, 0.000045, 0.000079
55888159, 22194581.321738, 0.000159, 0.000839, 0.000048, 0.000088
55888160, 22194588.758199, 0.000171, 0.000886, 0.000047, 0.000082
55888161, 22194597.105009, 0.000175, 0.000933, 0.000050, 0.000089
55888162, 22194605.372149, 0.000141, 0.000776, 0.000039, 0.000071
55888163, 22194613.944375, 0.000437, 0.000911, 0.000052, 0.000096
55888164, 22194622.073320, 0.000159, 0.000790, 0.000044, 0.000079
55888165, 22194630.903434, 0.000441, 0.001141, 0.000050, 0.000094
55888166, 22194639.178881, 0.000375, 0.000864, 0.000047, 0.000080
55888167, 22194647.545703, 0.000253, 0.000899, 0.000049, 0.000085
55888168, 22194655.247604, 0.000152, 0.000791, 0.000040, 0.000070
55888169, 22194663.870048, 0.000202, 0.001041, 0.000059, 0.000107
55888170, 22194672.399985, 0.000358, 0.000958, 0.000048, 0.000088
55888171, 22194680.358641, 0.000165, 0.000879, 0.000047, 0.000077
55888172, 22194688.933133, 0.000357, 0.000887, 0.000045, 0.000083
55888173, 22194697.049995, 0.000193, 0.000956, 0.000047, 0.000086
55888174, 22194705.337525, 0.000166, 0.000840, 0.000047, 0.000085
55888175, 22194714.205019, 0.000427, 0.001074, 0.000049, 0.000088
55888176, 22194722.308289, 0.000372, 0.000918, 0.000048, 0.000085
55888177, 22194731.514851, 0.000170, 0.000839, 0.000044, 0.000079
55888178, 22194739.063077, 0.000291, 0.000954, 0.000048, 0.000083
55888179, 22194747.010028, 0.000186, 0.000906, 0.000048, 0.000086
55888180, 22194755.158608, 0.000155, 0.000795, 0.000042, 0.000076
55888181, 22194764.204321, 0.000385, 0.000908, 0.000048, 0.000094
55888182, 22194772.132015, 0.000173, 0.000894, 0.000047, 0.000078
55888183, 22194780.819404, 0.000163, 0.000811, 0.000043, 0.000077
55888184, 22194788.431063, 0.000160, 0.000793, 0.000042, 0.000075
55888185, 22194797.033873, 0.000156, 0.000827, 0.000043, 0.000078
55888186, 22194805.112977, 0.000157, 0.000777, 0.000042, 0.000074
55888187, 22194813.931009, 0.000411, 0.000919, 0.000050, 0.000086
55888188, 22194822.357111, 0.000176, 0.000890, 0.000049, 0.000083
55888189, 22194830.270835, 0.000173, 0.000831, 0.000044, 0.000078
55888190, 22194838.540240, 0.000201, 0.000809, 0.000043, 0.000079
55888191, 22194846.963322, 0.000167, 0.000855, 0.000048, 0.000093
55888192, 22194855.437754, 0.000230, 0.000916, 0.000051, 0.000098
55888193, 22194863.862345, 0.000198, 0.001010, 0.000056, 0.000099
55888194, 22194872.191409, 0.000185, 0.000990, 0.000062, 0.000106
55888195, 22194880.685853, 0.000190, 0.000981, 0.000055, 0.000099
55888196, 22194888.806492, 0.000201, 0.000987, 0.000054, 0.000097
55888197, 22194897.161608, 0.000178, 0.000969, 0.000055, 0.000097
55888198, 22194905.424218, 0.000181, 0.000941, 0.000054, 0.000098
55888199, 22194913.788019, 0.000196, 0.000979, 0.000057, 0.000099
55888200, 22194922.262828, 0.000219, 0.000944, 0.000052, 0.000101
55888201, 22194931.037815, 0.000447, 0.001085, 0.000047, 0.000081
55888202, 22194938.835622, 0.000350, 0.000810, 0.000041, 0.000071
55888203, 22194947.163553, 0.000219, 0.000910, 0.000044, 0.000085
55888204, 22194955.398221, 0.000188, 0.000866, 0.000045, 0.000082
55888205, 22194964.074282, 0.000436, 0.000911, 0.000055, 0.000094
55888206, 22194972.368608, 0.000226, 0.000869, 0.000048, 0.000083
55888207, 22194980.752421, 0.000463, 0.000979, 0.000045, 0.000083
55888208, 22194988.588741, 0.000166, 0.000774, 0.000040, 0.000075
55888209, 22194997.392801, 0.000239, 0.000811, 0.000042, 0.000069
55888210, 22195005.476060, 0.000192, 0.000902, 0.000045, 0.000072
55888211, 22195014.397926, 0.000438, 0.001084, 0.000054, 0.000073
55888212, 22195022.361868, 0.000311, 0.000915, 0.000045, 0.000078
55888213, 22195030.492701, 0.000159, 0.000869, 0.000046, 0.000085
55888214, 22195038.794579, 0.000332, 0.000785, 0.000041, 0.000073
55888215, 22195047.195761, 0.000191, 0.000834, 0.000046, 0.000083
55888216, 22195055.915243, 0.000459, 0.001006, 0.000045, 0.000082
55888217, 22195063.712295, 0.000169, 0.000917, 0.000050, 0.000091
55888218, 22195072.143305, 0.000329, 0.000851, 0.000045, 0.000085
55888219, 22195080.305855, 0.000196, 0.000908, 0.000051, 0.000090
55888220, 22195088.776134, 0.000176, 0.000905, 0.000045, 0.000081
55888221, 22195096.969646, 0.000203, 0.000826, 0.000043, 0.000082
55888222, 22195105.656657, 0.000171, 0.000873, 0.000045, 0.000081
55888223, 22195113.959289, 0.000389, 0.001001, 0.000050, 0.000091
55888224, 22195122.255126, 0.000319, 0.000876, 0.000046, 0.000078
55888225, 22195130.946290, 0.000164, 0.000929, 0.000047, 0.000089
55888226, 22195139.130362, 0.000397, 0.000899, 0.000048, 0.000084
55888227, 22195147.775839, 0.000200, 0.000820, 0.000043, 0.000077
55888228, 22195155.515120, 0.000160, 0.000891, 0.000046, 0.000078
55888229, 22195163.943110, 0.000311, 0.000874, 0.000046, 0.000084
55888230, 22195172.318239, 0.000241, 0.000879, 0.000047, 0.000090
55888231, 22195180.407916, 0.000202, 0.000913, 0.000049, 0.000088
55888232, 22195188.699599, 0.000187, 0.000873, 0.000047, 0.000085
55888233, 22195197.119659, 0.000347, 0.000813, 0.000046, 0.000096
55888234, 22195205.469867, 0.000174, 0.000901, 0.000047, 0.000082
55888235, 22195214.367946, 0.000378, 0.000919, 0.000049, 0.000077
55888236, 22195221.890873, 0.000170, 0.000852, 0.000044, 0.000069
55888237, 22195230.193884, 0.000174, 0.000870, 0.000042, 0.000075
55888238, 22195239.091962, 0.000416, 0.000887, 0.000043, 0.000075
55888239, 22195247.232990, 0.000328, 0.000801, 0.000043, 0.000080
55888240, 22195255.226006, 0.000169, 0.000879, 0.000048, 0.000087
55888241, 22195263.884698, 0.000424, 0.000885, 0.000047, 0.000088
55888242, 22195272.320995, 0.000292, 0.000855, 0.000045, 0.000079
55888243, 22195280.218861, 0.000162, 0.000869, 0.000042, 0.000080
55888244, 22195288.868113, 0.000436, 0.000785, 0.000042, 0.000080
55888245, 22195297.147336, 0.000374, 0.000769, 0.000043, 0.000079
55888246, 22195305.607420, 0.000167, 0.000845, 0.000047, 0.000097
55888247, 22195313.775634, 0.000321, 0.000878, 0.000051, 0.000086
55888248, 22195322.413559, 0.000382, 0.000856, 0.000048, 0.000083
55888249, 22195330.798127, 0.000447, 0.001046, 0.000047, 0.000091
55888250, 22195339.072441, 0.000404, 0.000914, 0.000045, 0.000081
55888251, 22195347.432466, 0.000373, 0.000820, 0.000043, 0.000081
55888252, 22195355.302013, 0.000172, 0.000855, 0.000046, 0.000082
55888253, 22195364.249933, 0.000466, 0.000909, 0.000047, 0.000094
55888254, 22195372.248613, 0.000383, 0.000861, 0.000045, 0.000080
55888255, 22195380.638089, 0.000170, 0.000911, 0.000051, 0.000114
55888256, 22195389.064191, 0.000419, 0.000935, 0.000040, 0.000071
55888257, 22195397.323780, 0.000373, 0.000916, 0.000050, 0.000088
55888258, 22195405.456878, 0.000168, 0.000893, 0.000047, 0.000083
55888259, 22195413.918473, 0.000406, 0.000846, 0.000048, 0.000094
55888260, 22195422.179194, 0.000167, 0.000898, 0.000047, 0.000082
55888261, 22195430.166924, 0.000185, 0.000915, 0.000050, 0.000095
55888262, 22195439.106914, 0.000422, 0.000929, 0.000042, 0.000076
55888263, 22195447.027057, 0.000228, 0.000839, 0.000045, 0.000081
55888264, 22195455.241714, 0.000166, 0.000874, 0.000047, 0.000080
55888265, 22195463.433715, 0.000146, 0.000816, 0.000043, 0.000078
55888266, 22195472.041434, 0.000169, 0.000871, 0.000047, 0.000079
55888267, 22195480.321789, 0.000183, 0.000911, 0.000050, 0.000084
55888268, 22195488.695030, 0.000373, 0.000792, 0.000040, 0.000075
55888269, 22195497.057698, 0.000204, 0.000899, 0.000048, 0.000072
55888270, 22195505.264048, 0.000194, 0.000903, 0.000045, 0.000079
55888271, 22195514.102846, 0.000442, 0.001082, 0.000048, 0.000081
55888272, 22195522.292204, 0.000415, 0.000837, 0.000047, 0.000083
55888273, 22195530.159486, 0.000159, 0.000854, 0.000051, 0.000088
55888274, 22195538.810626, 0.000383, 0.000808, 0.000047, 0.000080
55888275, 22195546.937306, 0.000168, 0.000843, 0.000047, 0.000079
55888276, 22195555.281095, 0.000172, 0.000880, 0.000050, 0.000091
55888277, 22195563.635457, 0.000196, 0.000893, 0.000050, 0.000085
55888278, 22195572.078550, 0.000278, 0.000803, 0.000042, 0.000078
55888279, 22195580.131602, 0.000162, 0.000778, 0.000045, 0.000082
55888280, 22195588.970022, 0.000435, 0.000803, 0.000043, 0.000078
55888281, 22195597.111050, 0.000260, 0.000871, 0.000051, 0.000089
55888282, 22195605.359689, 0.000180, 0.000912, 0.000083, 0.000088
55888283, 22195613.698192, 0.000168, 0.000893, 0.000049, 0.000093
55888284, 22195621.994784, 0.000173, 0.000957, 0.000056, 0.000097
55888285, 22195630.448071, 0.000188, 0.000966, 0.000053, 0.000107
55888286, 22195639.172085, 0.000207, 0.000980, 0.000051, 0.000094
55888287, 22195647.051827, 0.000197, 0.000941, 0.000053, 0.000093
55888288, 22195655.217020, 0.000177, 0.000879, 0.000045, 0.000077
55888289, 22195663.987098, 0.000360, 0.000964, 0.000053, 0.000084
55888290, 22195672.437743, 0.000252, 0.000923, 0.000046, 0.000075
55888291, 22195680.262736, 0.000180, 0.000953, 0.000047, 0.000069
55888292, 22195688.910855, 0.000416, 0.000953, 0.000041, 0.000068
55888293, 22195697.065476, 0.000170, 0.000881, 0.000048, 0.000083
55888294, 22195705.386611, 0.000173, 0.000881, 0.000050, 0.000086
55888295, 22195713.588052, 0.000163, 0.000887, 0.000049, 0.000087
55888296, 22195722.003959, 0.000173, 0.000897, 0.000045, 0.000089
55888297, 22195731.060244, 0.000407, 0.001220, 0.000054, 0.000095
55888298, 22195738.923372, 0.000423, 0.000850, 0.000046, 0.000084
55888299, 22195747.321910, 0.000302, 0.000937, 0.000054, 0.000097
55888300, 22195755.357971, 0.000187, 0.000884, 0.000050, 0.000085
55888301, 22195763.975507, 0.000255, 0.000889, 0.000052, 0.000091
55888302, 22195772.068204, 0.000242, 0.000900, 0.000047, 0.000083
55888303, 22195781.532654, 0.000453, 0.001063, 0.000050, 0.000089
55888304, 22195788.997057, 0.000430, 0.000953, 0.000042, 0.000073
55888305, 22195797.187171, 0.000217, 0.000925, 0.000051, 0.000089
55888306, 22195805.808482, 0.000426, 0.001056, 0.000048, 0.000081
55888307, 22195814.041640, 0.000432, 0.001088, 0.000044, 0.000075
55888308, 22195822.361264, 0.000307, 0.000828, 0.000040, 0.000070
55888309, 22195830.096392, 0.000155, 0.000867, 0.000046, 0.000080
55888310, 22195839.009951, 0.000421, 0.000963, 0.000048, 0.000083
55888311, 22195847.458708, 0.000180, 0.001032, 0.000055, 0.000093
55888312, 22195855.411701, 0.000178, 0.000866, 0.000047, 0.000086
55888313, 22195863.855549, 0.000170, 0.000981, 0.000048, 0.000080
55888314, 22195871.964483, 0.000223, 0.000853, 0.000052, 0.000068
55888315, 22195880.358113, 0.000173, 0.000861, 0.000045, 0.000083
55888316, 22195889.192380, 0.000478, 0.000911, 0.000046, 0.000078
55888317, 22195897.013597, 0.000182, 0.000888, 0.000049, 0.000088
55888318, 22195905.932442, 0.000424, 0.001118, 0.000048, 0.000090
55888319, 22195913.598473, 0.000183, 0.000912, 0.000053, 0.000091
55888320, 22195921.842581, 0.000172, 0.000865, 0.000046, 0.000081
55888321, 22195930.231302, 0.000157, 0.000821, 0.000044, 0.000076
55888322, 22195938.626065, 0.000168, 0.000900, 0.000052, 0.000091
55888323, 22195947.354609, 0.000226, 0.000931, 0.000049, 0.000090
55888324, 22195955.398976, 0.000191, 0.000850, 0.000044, 0.000083
55888325, 22195963.773727, 0.000168, 0.000974, 0.000047, 0.000078
55888326, 22195972.039357, 0.000203, 0.000921, 0.000047, 0.000078
55888327, 22195980.136208, 0.000158, 0.000827, 0.000045, 0.000081
55888328, 22195989.105272, 0.000455, 0.000916, 0.000048, 0.000090
55888329, 22195997.098288, 0.000170, 0.000922, 0.000050, 0.000087
55888330, 22196005.390726, 0.000182, 0.000950, 0.000049, 0.000092
55888331, 22196013.878751, 0.000167, 0.000943, 0.000051, 0.000092
55888332, 22196022.173833, 0.000326, 0.000928, 0.000049, 0.000093
55888333, 22196030.170247, 0.000161, 0.000801, 0.000044, 0.000080
55888334, 22196039.126095, 0.000388, 0.000917, 0.000049, 0.000091
55888335, 22196047.044728, 0.000209, 0.000897, 0.000048, 0.000092
55888336, 22196055.352270, 0.000161, 0.000936, 0.000047, 0.000079
55888337, 22196063.583540, 0.000146, 0.000821, 0.000044, 0.000068
55888338, 22196072.029653, 0.000400, 0.000805, 0.000043, 0.000081
55888339, 22196080.131035, 0.000152, 0.000798, 0.000044, 0.000082
55888340, 22196088.932830, 0.000414, 0.000944, 0.000045, 0.000081
55888341, 22196097.110861, 0.000164, 0.000935, 0.000048, 0.000076
55888342, 22196105.424067, 0.000171, 0.000911, 0.000049, 0.000081
55888343, 22196113.502416, 0.000160, 0.000818, 0.000047, 0.000085
55888344, 22196122.076530, 0.000420, 0.000796, 0.000046, 0.000089
55888345, 22196130.365570, 0.000156, 0.000857, 0.000062, 0.000073
55888346, 22196138.601748, 0.000175, 0.000839, 0.000047, 0.000082
55888347, 22196146.948936, 0.000167, 0.000902, 0.000052, 0.000093
55888348, 22196155.880996, 0.000413, 0.001010, 0.000048, 0.000088
55888349, 22196163.634626, 0.000171, 0.000857, 0.000047, 0.000080
55888350, 22196171.907053, 0.000173, 0.000774, 0.000040, 0.000069
55888351, 22196180.304081, 0.000157, 0.000823, 0.000044, 0.000087
55888352, 22196189.058678, 0.000395, 0.000895, 0.000047, 0.000080
55888353, 22196197.049807, 0.000163, 0.000926, 0.000051, 0.000093
55888354, 22196205.486858, 0.000170, 0.000891, 0.000049, 0.000086
55888355, 22196214.098730, 0.000298, 0.000927, 0.000055, 0.000094
55888356, 22196222.093257, 0.000280, 0.000865, 0.000048, 0.000084
55888357, 22196230.167453, 0.000158, 0.000782, 0.000046, 0.000083
55888358, 22196239.363443, 0.000459, 0.000883, 0.000047, 0.000087
55888359, 22196247.605663, 0.000173, 0.000906, 0.000051, 0.000089
55888360, 22196255.232425, 0.000172, 0.000861, 0.000048, 0.000082
55888361, 22196263.663058, 0.000207, 0.000917, 0.000049, 0.000092
55888362, 22196271.857325, 0.000197, 0.000826, 0.000041, 0.000073
55888363, 22196280.320430, 0.000203, 0.000913, 0.000053, 0.000091
55888364, 22196289.714650, 0.000478, 0.000892, 0.000048, 0.000082
55888365, 22196296.984598, 0.000194, 0.000903, 0.000046, 0.000078
55888366, 22196305.267975, 0.000200, 0.000868, 0.000045, 0.000075
55888367, 22196313.780165, 0.000181, 0.000953, 0.000052, 0.000090
55888368, 22196322.749229, 0.000328, 0.000849, 0.000044, 0.000077
55888369, 22196330.368439, 0.000168, 0.000921, 0.000050, 0.000090
55888370, 22196339.192889, 0.000290, 0.000870, 0.000049, 0.000089
55888371, 22196346.915180, 0.000149, 0.000848, 0.000044, 0.000071
55888372, 22196355.375642, 0.000165, 0.000905, 0.000048, 0.000076
55888373, 22196363.644670, 0.000176, 0.000914, 0.000057, 0.000077
55888374, 22196372.341498, 0.000156, 0.000813, 0.000043, 0.000078
55888375, 22196380.195564, 0.000172, 0.000851, 0.000049, 0.000085
55888376, 22196389.442150, 0.000153, 0.000791, 0.000043, 0.000077
55888377, 22196397.121774, 0.000171, 0.000851, 0.000048, 0.000084
55888378, 22196405.348513, 0.000204, 0.000897, 0.000050, 0.000093
55888379, 22196413.714579, 0.000175, 0.000906, 0.000050, 0.000092
55888380, 22196422.485790, 0.000331, 0.000834, 0.000043, 0.000086
55888381, 22196430.313803, 0.000171, 0.000926, 0.000047, 0.000079
55888382, 22196439.155622, 0.000456, 0.000885, 0.000047, 0.000084
55888383, 22196446.905099, 0.000174, 0.000895, 0.000049, 0.000085
55888384, 22196455.988947, 0.000487, 0.001146, 0.000044, 0.000080
55888385, 22196463.743709, 0.000178, 0.000886, 0.000047, 0.000091
55888386, 22196472.559098, 0.000229, 0.000834, 0.000041, 0.000070
55888387, 22196480.391264, 0.000188, 0.000918, 0.000050, 0.000084
55888388, 22196489.007289, 0.000319, 0.000908, 0.000049, 0.000087
55888389, 22196497.092436, 0.000182, 0.000866, 0.000047, 0.000087
55888390, 22196505.469452, 0.000191, 0.000900, 0.000048, 0.000086
55888391, 22196513.682598, 0.000180, 0.000894, 0.000050, 0.000086
55888392, 22196521.799083, 0.000154, 0.000804, 0.000041, 0.000071
55888393, 22196530.292772, 0.000178, 0.000915, 0.000052, 0.000094
55888394, 22196538.822709, 0.000334, 0.000900, 0.000045, 0.000083
55888395, 22196547.030569, 0.000166, 0.000895, 0.000049, 0.000089
55888396, 22196555.326405, 0.000176, 0.000891, 0.000047, 0.000082
55888397, 22196563.979056, 0.000170, 0.000871, 0.000051, 0.000090
55888398, 22196572.079683, 0.000371, 0.000789, 0.000041, 0.000073
55888399, 22196580.386847, 0.000171, 0.000927, 0.000054, 0.000103
55888400, 22196589.079521, 0.000442, 0.000932, 0.000045, 0.000084
55888401, 22196597.101611, 0.000167, 0.000907, 0.000050, 0.000090
55888402, 22196605.416704, 0.000170, 0.000910, 0.000041, 0.000073
55888403, 22196613.735195, 0.000154, 0.000823, 0.000045, 0.000081
55888404, 22196622.970076, 0.000162, 0.000882, 0.000047, 0.000081
55888405, 22196630.563234, 0.000171, 0.000911, 0.000052, 0.000092
55888406, 22196640.926705, 0.000429, 0.000912, 0.000047, 0.000081
55888407, 22196647.369750, 0.000241, 0.000909, 0.000048, 0.000082
55888408, 22196655.770554, 0.000428, 0.001107, 0.000047, 0.000083
55888409, 22196664.049022, 0.000202, 0.001002, 0.000056, 0.000101
55888410, 22196674.216528, 0.000169, 0.000835, 0.000042, 0.000075
55888411, 22196680.459455, 0.000169, 0.000951, 0.000049, 0.000079
55888412, 22196689.041876, 0.000418, 0.000824, 0.000043, 0.000065
55888413, 22196697.088131, 0.000173, 0.000937, 0.000049, 0.000073
55888414, 22196705.255967, 0.000199, 0.000875, 0.000045, 0.000082
55888415, 22196713.659414, 0.000189, 0.000836, 0.000044, 0.000079
55888416, 22196722.101752, 0.000295, 0.000882, 0.000045, 0.000078
55888417, 22196730.284314, 0.000179, 0.000912, 0.000050, 0.000087
55888418, 22196739.024186, 0.000417, 0.000984, 0.000048, 0.000083
55888419, 22196747.226382, 0.000178, 0.000892, 0.000049, 0.000085
55888420, 22196756.369511, 0.000175, 0.000907, 0.000046, 0.000084
55888421, 22196763.551105, 0.000164, 0.000815, 0.000045, 0.000078
55888422, 22196772.944948, 0.000254, 0.000848, 0.000047, 0.000083
55888423, 22196781.254755, 0.000160, 0.000899, 0.000049, 0.000077
55888424, 22196789.117505, 0.000450, 0.000999, 0.000047, 0.000074
55888425, 22196796.832622, 0.000171, 0.000845, 0.000045, 0.000084
55888426, 22196805.186228, 0.000166, 0.000835, 0.000046, 0.000086
55888427, 22196813.384271, 0.000159, 0.000803, 0.000044, 0.000079
55888428, 22196822.160013, 0.000260, 0.000879, 0.000049, 0.000095
55888429, 22196830.412805, 0.000178, 0.000909, 0.000050, 0.000090
55888430, 22196839.060170, 0.000418, 0.000912, 0.000050, 0.000089
55888431, 22196846.862885, 0.000160, 0.000815, 0.000045, 0.000081
55888432, 22196855.207807, 0.000160, 0.000799, 0.000044, 0.000080
55888433, 22196863.430015, 0.000146, 0.000818, 0.000043, 0.000078
55888434, 22196872.038489, 0.000171, 0.000854, 0.000047, 0.000076
55888435, 22196880.216897, 0.000162, 0.000887, 0.000048, 0.000075
55888436, 22196888.804226, 0.000170, 0.000962, 0.000054, 0.000095
55888437, 22196896.928263, 0.000180, 0.000866, 0.000046, 0.000085
55888438, 22196905.788583, 0.000449, 0.001073, 0.000045, 0.000081
55888439, 22196913.533906, 0.000215, 0.000833, 0.000044, 0.000079
55888440, 22196922.079702, 0.000182, 0.000913, 0.000047, 0.000080
55888441, 22196930.400081, 0.000170, 0.000889, 0.000059, 0.000076
55888442, 22196938.923599, 0.000381, 0.000892, 0.000047, 0.000073
55888443, 22196947.501866, 0.000287, 0.000939, 0.000054, 0.000092
55888444, 22196955.290988, 0.000184, 0.000875, 0.000047, 0.000082
55888445, 22196963.540382, 0.000168, 0.000811, 0.000045, 0.000082
55888446, 22196972.160561, 0.000226, 0.000801, 0.000043, 0.000074
55888447, 22196980.522096, 0.000193, 0.000951, 0.000050, 0.000092
55888448, 22196988.792635, 0.000296, 0.000875, 0.000044, 0.000083
55888449, 22196997.231952, 0.000171, 0.000959, 0.000050, 0.000091
55888450, 22197005.744520, 0.000485, 0.001010, 0.000047, 0.000082
55888451, 22197013.571400, 0.000170, 0.000816, 0.000045, 0.000082
55888452, 22197022.185915, 0.000348, 0.000869, 0.000046, 0.000080
55888453, 22197030.220843, 0.000173, 0.000935, 0.000049, 0.000080
55888454, 22197039.002626, 0.000438, 0.000866, 0.000048, 0.000079
55888455, 22197047.319985, 0.000231, 0.000950, 0.000052, 0.000089
55888456, 22197055.342452, 0.000183, 0.000900, 0.000048, 0.000079
55888457, 22197063.877675, 0.000395, 0.000825, 0.000045, 0.000083
55888458, 22197072.563931, 0.000297, 0.000875, 0.000047, 0.000083
55888459, 22197080.322847, 0.000198, 0.000882, 0.000045, 0.000076
55888460, 22197088.695709, 0.000209, 0.000919, 0.000048, 0.000078
55888461, 22197096.969269, 0.000181, 0.000915, 0.000051, 0.000099
55888462, 22197105.309282, 0.000155, 0.000800, 0.000042, 0.000073
55888463, 22197114.030652, 0.000448, 0.000804, 0.000045, 0.000078
55888464, 22197122.252483, 0.000173, 0.000863, 0.000050, 0.000085
55888465, 22197130.408992, 0.000167, 0.000902, 0.000049, 0.000089
55888466, 22197138.850197, 0.000387, 0.000867, 0.000049, 0.000091
55888467, 22197146.908535, 0.000167, 0.000844, 0.000049, 0.000086
55888468, 22197155.276867, 0.000170, 0.000845, 0.000051, 0.000091
55888469, 22197163.679181, 0.000170, 0.000899, 0.000050, 0.000089
55888470, 22197172.083005, 0.000180, 0.000922, 0.000048, 0.000090
55888471, 22197180.226299, 0.000159, 0.000838, 0.000049, 0.000090
55888472, 22197188.623327, 0.000180, 0.000910, 0.000050, 0.000089
55888473, 22197197.218963, 0.000312, 0.000900, 0.000047, 0.000093
55888474, 22197205.269372, 0.000160, 0.000826, 0.000043, 0.000078
55888475, 22197213.605232, 0.000162, 0.000864, 0.000050, 0.000087
55888476, 22197222.239381, 0.000327, 0.000923, 0.000049, 0.000089
55888477, 22197230.299984, 0.000167, 0.000862, 0.000048, 0.000089
55888478, 22197238.957921, 0.000342, 0.000872, 0.000045, 0.000085
55888479, 22197247.371185, 0.000183, 0.000873, 0.000046, 0.000088
55888480, 22197255.166349, 0.000159, 0.000805, 0.000043, 0.000073
55888481, 22197264.050456, 0.000441, 0.000922, 0.000047, 0.000090
55888482, 22197272.632877, 0.000180, 0.000877, 0.000047, 0.000087
55888483, 22197280.386884, 0.000190, 0.000889, 0.000048, 0.000087
55888484, 22197288.767676, 0.000291, 0.000843, 0.000046, 0.000079
55888485, 22197297.291949, 0.000310, 0.000806, 0.000045, 0.000081
55888486, 22197305.473379, 0.000165, 0.000807, 0.000041, 0.000071
55888487, 22197313.904767, 0.000397, 0.000905, 0.000050, 0.000091
55888488, 22197322.173040, 0.000185, 0.000877, 0.000047, 0.000080
55888489, 22197330.193242, 0.000171, 0.000913, 0.000049, 0.000084
55888490, 22197339.020712, 0.000423, 0.000865, 0.000045, 0.000080
55888491, 22197346.929906, 0.000160, 0.000937, 0.000049, 0.000087
55888492, 22197357.227300, 0.000155, 0.000778, 0.000042, 0.000071
55888493, 22197363.684316, 0.000167, 0.000887, 0.000048, 0.000086
55888494, 22197372.217651, 0.000293, 0.000853, 0.000048, 0.000080
55888495, 22197380.288826, 0.000172, 0.000920, 0.000050, 0.000093
55888496, 22197388.944498, 0.000200, 0.000785, 0.000044, 0.000081
55888497, 22197397.349833, 0.000368, 0.000913, 0.000049, 0.000105
55888498, 22197405.333787, 0.000164, 0.000752, 0.000041, 0.000071
55888499, 22197413.840314, 0.000255, 0.000956, 0.000049, 0.000082
55888500, 22197422.194297, 0.000208, 0.000877, 0.000048, 0.000080
55888501, 22197430.903208, 0.000489, 0.000998, 0.000053, 0.000091
55888502, 22197439.081239, 0.000421, 0.000978, 0.000045, 0.000081
55888503, 22197447.153547, 0.000208, 0.000888, 0.000048, 0.000089
55888504, 22197455.295708, 0.000167, 0.000843, 0.000041, 0.000075
55888505, 22197464.037845, 0.000416, 0.000944, 0.000052, 0.000094
55888506, 22197472.195864, 0.000378, 0.000846, 0.000050, 0.000092
55888507, 22197480.426002, 0.000172, 0.000899, 0.000045, 0.000085
55888508, 22197488.566652, 0.000175, 0.000804, 0.000043, 0.000076
55888509, 22197497.075822, 0.000238, 0.000784, 0.000046, 0.000082
55888510, 22197505.244791, 0.000158, 0.000787, 0.000040, 0.000072
55888511, 22197513.858173, 0.000320, 0.000887, 0.000050, 0.000089
55888512, 22197522.250670, 0.000209, 0.000904, 0.000049, 0.000085
55888513, 22197530.366401, 0.000194, 0.000882, 0.000049, 0.000090
55888514, 22197539.148184, 0.000385, 0.000886, 0.000049, 0.000088
55888515, 22197547.928079, 0.000202, 0.000890, 0.000050, 0.000090
55888516, 22197555.403432, 0.000204, 0.000793, 0.000044, 0.000079
55888517, 22197564.310572, 0.000319, 0.000892, 0.000054, 0.000091
55888518, 22197572.309630, 0.000199, 0.000846, 0.000049, 0.000088
55888519, 22197580.293206, 0.000196, 0.000887, 0.000048, 0.000088
55888520, 22197589.175049, 0.000469, 0.000957, 0.000050, 0.000089
55888521, 22197597.140879, 0.000329, 0.000852, 0.000049, 0.000087
55888522, 22197605.538662, 0.000178, 0.000919, 0.000050, 0.000088
55888523, 22197613.817885, 0.000301, 0.000853, 0.000050, 0.000089
55888524, 22197622.396530, 0.000213, 0.000845, 0.000047, 0.000085
55888525, 22197631.074856, 0.000427, 0.000923, 0.000047, 0.000089
55888526, 22197639.790563, 0.000432, 0.000898, 0.000047, 0.000086
55888527, 22197647.288192, 0.000307, 0.000816, 0.000043, 0.000076
55888528, 22197655.250247, 0.000190, 0.000899, 0.000049, 0.000088
55888529, 22197663.968597, 0.000426, 0.000851, 0.000047, 0.000082
55888530, 22197671.976716, 0.000168, 0.000870, 0.000043, 0.000076
55888531, 22197680.623703, 0.000170, 0.000851, 0.000050, 0.000091
55888532, 22197689.337522, 0.000187, 0.000936, 0.000047, 0.000086
55888533, 22197697.006574, 0.000142, 0.000780, 0.000043, 0.000076
55888534, 22197705.496864, 0.000173, 0.000889, 0.000051, 0.000082
55888535, 22197714.070223, 0.000323, 0.000935, 0.000050, 0.000083
55888536, 22197722.171227, 0.000273, 0.000917, 0.000047, 0.000084
55888537, 22197730.550132, 0.000187, 0.000966, 0.000052, 0.000092
55888538, 22197738.616776, 0.000185, 0.000874, 0.000047, 0.000084
55888539, 22197747.064778, 0.000285, 0.000782, 0.000048, 0.000082
55888540, 22197755.309641, 0.000206, 0.000923, 0.000047, 0.000081
55888541, 22197764.411235, 0.000352, 0.000898, 0.000051, 0.000088
55888542, 22197771.959083, 0.000208, 0.000918, 0.000055, 0.000084
55888543, 22197780.400288, 0.000217, 0.000886, 0.000048, 0.000101
55888544, 22197789.428632, 0.000394, 0.000863, 0.000045, 0.000083
55888545, 22197796.941743, 0.000144, 0.000845, 0.000045, 0.000083
55888546, 22197805.223609, 0.000177, 0.000860, 0.000047, 0.000082
55888547, 22197814.061652, 0.000406, 0.000941, 0.000051, 0.000090
55888548, 22197821.947057, 0.000228, 0.000864, 0.000046, 0.000086
55888549, 22197830.484546, 0.000168, 0.000907, 0.000050, 0.000077
55888550, 22197838.610471, 0.000173, 0.000870, 0.000046, 0.000080
55888551, 22197847.020336, 0.000209, 0.000822, 0.000048, 0.000083
55888552, 22197855.417742, 0.000184, 0.000886, 0.000045, 0.000082
55888553, 22197863.923136, 0.000394, 0.000836, 0.000043, 0.000079
55888554, 22197872.161203, 0.000173, 0.000845, 0.000042, 0.000078
55888555, 22197880.267493, 0.000184, 0.000866, 0.000043, 0.000081
55888556, 22197888.960167, 0.000429, 0.000788, 0.000040, 0.000071
55888557, 22197897.897137, 0.000313, 0.000801, 0.000045, 0.000083
55888558, 22197906.059687, 0.000461, 0.001056, 0.000047, 0.000081
55888559, 22197913.646803, 0.000171, 0.000885, 0.000048, 0.000084
55888560, 22197921.809731, 0.000136, 0.000804, 0.000046, 0.000076
55888561, 22197930.331739, 0.000143, 0.000800, 0.000093, 0.000073
55888562, 22197938.472011, 0.000166, 0.000822, 0.000045, 0.000077
55888563, 22197947.218680, 0.000246, 0.000871, 0.000050, 0.000097
55888564, 22197955.372168, 0.000157, 0.000842, 0.000047, 0.000088
55888565, 22197963.903615, 0.000388, 0.000876, 0.000049, 0.000090
55888566, 22197971.932502, 0.000177, 0.000905, 0.000050, 0.000094
55888567, 22197980.984255, 0.000449, 0.001128, 0.000048, 0.000088
55888568, 22197988.671809, 0.000162, 0.000889, 0.000048, 0.000084
55888569, 22197997.324837, 0.000181, 0.000918, 0.000048, 0.000087
55888570, 22198005.363163, 0.000171, 0.000882, 0.000048, 0.000084
55888571, 22198014.445123, 0.000410, 0.001013, 0.000050, 0.000087
55888572, 22198022.094541, 0.000187, 0.000914, 0.000049, 0.000091
55888573, 22198030.578790, 0.000172, 0.000936, 0.000045, 0.000085
55888574, 22198038.675263, 0.000153, 0.000853, 0.000043, 0.000078
55888575, 22198047.714935, 0.000306, 0.000957, 0.000048, 0.000095
55888576, 22198055.286570, 0.000164, 0.000885, 0.000045, 0.000085
55888577, 22198064.331905, 0.000449, 0.000976, 0.000053, 0.000090
55888578, 22198071.984343, 0.000175, 0.000934, 0.000046, 0.000080
55888579, 22198080.755555, 0.000180, 0.000926, 0.000050, 0.000080
55888580, 22198089.245090, 0.000429, 0.000976, 0.000043, 0.000084
55888581, 22198097.349493, 0.000326, 0.000824, 0.000046, 0.000080
55888582, 22198106.114663, 0.000416, 0.001170, 0.000048, 0.000087
55888583, 22198114.328941, 0.000369, 0.000966, 0.000053, 0.000091
55888584, 22198122.434477, 0.000298, 0.000935, 0.000046, 0.000085
55888585, 22198130.639316, 0.000162, 0.001036, 0.000050, 0.000086
55888586, 22198138.612321, 0.000155, 0.000849, 0.000042, 0.000077
55888587, 22198147.663319, 0.000266, 0.001004, 0.000050, 0.000093
55888588, 22198155.546082, 0.000169, 0.000922, 0.000047, 0.000087
55888589, 22198164.333529, 0.000517, 0.000959, 0.000050, 0.000097
55888590, 22198172.210628, 0.000166, 0.000935, 0.000046, 0.000085
55888591, 22198180.536671, 0.000201, 0.001025, 0.000056, 0.000097
55888592, 22198189.073026, 0.000405, 0.000828, 0.000040, 0.000074
55888593, 22198197.044898, 0.000156, 0.000925, 0.000046, 0.000085
55888594, 22198205.435130, 0.000174, 0.000906, 0.000047, 0.000088
55888595, 22198214.186707, 0.000421, 0.000918, 0.000047, 0.000087
55888596, 22198222.303192, 0.000328, 0.000902, 0.000046, 0.000085
55888597, 22198230.623571, 0.000164, 0.001058, 0.000047, 0.000087
55888598, 22198239.070817, 0.000341, 0.000825, 0.000042, 0.000076
55888599, 22198247.606796, 0.000284, 0.000988, 0.000051, 0.000094
55888600, 22198255.422726, 0.000168, 0.000920, 0.000046, 0.000083
55888601, 22198263.657772, 0.000166, 0.000933, 0.000055, 0.000092
55888602, 22198271.970977, 0.000169, 0.000923, 0.000047, 0.000080
55888603, 22198281.026507, 0.000177, 0.001013, 0.000055, 0.000086
55888604, 22198289.087865, 0.000417, 0.000897, 0.000041, 0.000077
55888605, 22198297.277979, 0.000379, 0.000895, 0.000045, 0.000080
55888606, 22198306.160576, 0.000174, 0.000893, 0.000050, 0.000091
55888607, 22198314.138489, 0.000380, 0.000968, 0.000051, 0.000093
55888608, 22198322.407518, 0.000192, 0.000965, 0.000047, 0.000086
55888609, 22198330.841171, 0.000433, 0.001125, 0.000050, 0.000087
55888610, 22198339.228382, 0.000422, 0.000953, 0.000043, 0.000079
55888611, 22198347.336938, 0.000398, 0.000981, 0.000050, 0.000088
55888612, 22198355.286533, 0.000173, 0.000949, 0.000047, 0.000086
55888613, 22198364.067183, 0.000305, 0.000961, 0.000050, 0.000090
55888614, 22198371.845356, 0.000169, 0.000859, 0.000044, 0.000085
55888615, 22198380.431552, 0.000188, 0.000899, 0.000044, 0.000080
55888616, 22198389.058527, 0.000302, 0.000840, 0.000044, 0.000081
55888617, 22198397.753845, 0.000289, 0.000944, 0.000051, 0.000091
55888618, 22198405.816336, 0.000180, 0.000933, 0.000047, 0.000093
55888619, 22198414.092538, 0.000382, 0.000983, 0.000052, 0.000097
55888620, 22198422.173531, 0.000203, 0.000916, 0.000050, 0.000089
55888621, 22198430.422547, 0.000166, 0.000913, 0.000101, 0.000090
55888622, 22198438.675717, 0.000170, 0.000796, 0.000042, 0.000087
55888623, 22198447.192815, 0.000175, 0.000917, 0.000049, 0.000088
55888624, 22198456.090139, 0.000436, 0.001104, 0.000050, 0.000091
55888625, 22198463.616465, 0.000184, 0.000808, 0.000044, 0.000075
55888626, 22198472.271381, 0.000302, 0.000857, 0.000048, 0.000081
55888627, 22198480.988975, 0.000484, 0.000880, 0.000050, 0.000088
55888628, 22198488.967643, 0.000388, 0.000820, 0.000041, 0.000074
55888629, 22198497.206087, 0.000161, 0.000854, 0.000048, 0.000085
55888630, 22198505.418101, 0.000173, 0.000880, 0.000048, 0.000090
55888631, 22198514.046964, 0.000417, 0.000902, 0.000054, 0.000084
55888632, 22198522.389620, 0.000356, 0.000869, 0.000046, 0.000081
55888633, 22198530.400760, 0.000161, 0.000860, 0.000049, 0.000082
55888634, 22198539.100609, 0.000408, 0.000792, 0.000043, 0.000073
55888635, 22198546.954675, 0.000169, 0.000903, 0.000049, 0.000089
55888636, 22198555.465355, 0.000174, 0.000863, 0.000046, 0.000084
55888637, 22198564.003976, 0.000388, 0.000921, 0.000048, 0.000090
55888638, 22198572.482939, 0.000280, 0.000805, 0.000040, 0.000075
55888639, 22198580.408746, 0.000148, 0.000810, 0.000044, 0.000078
55888640, 22198588.904323, 0.000348, 0.000820, 0.000043, 0.000076
55888641, 22198596.992490, 0.000170, 0.000910, 0.000053, 0.000093
55888642, 22198605.478627, 0.000166, 0.000922, 0.000046, 0.000075
55888643, 22198614.248328, 0.000375, 0.000935, 0.000057, 0.000092
55888644, 22198621.881509, 0.000158, 0.000802, 0.000045, 0.000079
55888645, 22198630.912119, 0.000420, 0.001055, 0.000053, 0.000088
55888646, 22198638.949689, 0.000420, 0.000786, 0.000040, 0.000072
55888647, 22198647.815296, 0.000329, 0.000869, 0.000049, 0.000082
55888648, 22198655.391462, 0.000164, 0.000908, 0.000047, 0.000080
55888649, 22198664.260090, 0.000409, 0.001127, 0.000059, 0.000103
55888650, 22198671.987666, 0.000182, 0.000917, 0.000054, 0.000097
55888651, 22198680.215916, 0.000171, 0.000859, 0.000046, 0.000082
55888652, 22198688.749628, 0.000219, 0.000966, 0.000059, 0.000095
55888653, 22198697.892001, 0.000176, 0.000974, 0.000056, 0.000101
55888654, 22198705.932593, 0.000430, 0.001175, 0.000048, 0.000090
55888655, 22198714.017739, 0.000350, 0.000971, 0.000048, 0.000077
55888656, 22198722.082873, 0.000237, 0.000863, 0.000047, 0.000074
55888657, 22198730.252975, 0.000178, 0.000833, 0.000041, 0.000075
55888658, 22198739.024941, 0.000459, 0.000945, 0.000050, 0.000090
55888659, 22198747.272070, 0.000185, 0.000912, 0.000048, 0.000089
55888660, 22198755.452366, 0.000215, 0.000958, 0.000053, 0.000097
55888661, 22198763.792002, 0.000304, 0.000819, 0.000047, 0.000086
55888662, 22198772.037243, 0.000165, 0.000881, 0.000047, 0.000089
55888663, 22198780.149197, 0.000182, 0.000810, 0.000040, 0.000076
55888664, 22198789.236443, 0.000450, 0.000993, 0.000048, 0.000084
55888665, 22198797.680292, 0.000314, 0.000887, 0.000047, 0.000086
55888666, 22198805.339149, 0.000185, 0.000929, 0.000047, 0.000086
55888667, 22198814.221369, 0.000428, 0.001126, 0.000050, 0.000086
55888668, 22198823.014857, 0.000344, 0.000895, 0.000047, 0.000083
55888669, 22198830.892711, 0.000412, 0.001003, 0.000047, 0.000078
55888670, 22198839.037892, 0.000398, 0.000903, 0.000048, 0.000080
55888671, 22198847.091322, 0.000334, 0.000902, 0.000048, 0.000083
55888672, 22198855.396220, 0.000158, 0.000882, 0.000045, 0.000076
55888673, 22198864.056045, 0.000350, 0.001020, 0.000050, 0.000081
55888674, 22198872.021875, 0.000198, 0.000927, 0.000047, 0.000079
55888675, 22198880.113062, 0.000162, 0.000767, 0.000041, 0.000072
55888676, 22198888.911082, 0.000421, 0.000848, 0.000040, 0.000070
55888677, 22198897.258647, 0.000160, 0.000832, 0.000045, 0.000081
55888678, 22198905.304902, 0.000178, 0.000856, 0.000046, 0.000080
55888679, 22198913.905446, 0.000293, 0.000931, 0.000049, 0.000081
55888680, 22198922.419147, 0.000194, 0.000906, 0.000048, 0.000077
55888681, 22198930.180706, 0.000150, 0.000750, 0.000040, 0.000069
55888682, 22198939.118808, 0.000411, 0.000912, 0.000047, 0.000080
55888683, 22198947.071046, 0.000179, 0.000920, 0.000048, 0.000082
55888684, 22198955.287212, 0.000178, 0.000887, 0.000047, 0.000080
55888685, 22198963.568701, 0.000160, 0.000836, 0.000043, 0.000075
55888686, 22198971.836596, 0.000153, 0.000784, 0.000044, 0.000078
55888687, 22198981.236102, 0.000413, 0.001153, 0.000060, 0.000091
55888688, 22198988.789991, 0.000332, 0.000897, 0.000046, 0.000082
55888689, 22198996.957073, 0.000157, 0.000907, 0.000050, 0.000085
55888690, 22199005.404697, 0.000184, 0.000915, 0.000046, 0.000086
55888691, 22199014.247648, 0.000417, 0.001008, 0.000099, 0.000092
55888692, 22199021.915945, 0.000187, 0.000895, 0.000047, 0.000081
55888693, 22199030.411899, 0.000192, 0.000910, 0.000051, 0.000089
55888694, 22199039.109482, 0.000428, 0.000954, 0.000048, 0.000087
55888695, 22199047.298463, 0.000278, 0.000869, 0.000043, 0.000087
55888696, 22199056.406099, 0.000418, 0.000963, 0.000047, 0.000083
55888697, 22199063.830478, 0.000165, 0.000956, 0.000044, 0.000079
55888698, 22199072.254692, 0.000237, 0.000801, 0.000043, 0.000075
55888699, 22199080.579224, 0.000175, 0.000938, 0.000047, 0.000089
55888700, 22199089.047615, 0.000426, 0.000920, 0.000046, 0.000084
55888701, 22199097.372148, 0.000324, 0.000988, 0.000048, 0.000093
55888702, 22199105.270391, 0.000171, 0.000875, 0.000047, 0.000085
55888703, 22199114.213024, 0.000412, 0.001012, 0.000050, 0.000093
55888704, 22199122.601745, 0.000167, 0.000918, 0.000045, 0.000076
55888705, 22199130.537747, 0.000163, 0.001004, 0.000047, 0.000075
55888706, 22199139.008403, 0.000290, 0.000912, 0.000048, 0.000082
55888707, 22199147.662564, 0.000327, 0.000940, 0.000047, 0.000081
55888708, 22199155.306695, 0.000173, 0.000887, 0.000047, 0.000083
55888709, 22199163.692396, 0.000188, 0.000978, 0.000046, 0.000078
55888710, 22199171.932728, 0.000160, 0.000829, 0.000045, 0.000083
55888711, 22199180.970512, 0.000466, 0.001026, 0.000099, 0.000090
55888712, 22199189.085109, 0.000195, 0.000912, 0.000048, 0.000084
55888713, 22199197.214432, 0.000182, 0.000937, 0.000047, 0.000087
55888714, 22199205.311661, 0.000172, 0.000883, 0.000043, 0.000078
55888715, 22199213.969597, 0.000262, 0.000952, 0.000050, 0.000081
55888716, 22199222.098543, 0.000196, 0.000852, 0.000044, 0.000083
55888717, 22199230.276196, 0.000160, 0.000779, 0.000040, 0.000072
55888718, 22199239.158794, 0.000411, 0.001029, 0.000046, 0.000091
55888719, 22199247.206937, 0.000167, 0.000953, 0.000046, 0.000080
55888720, 22199255.363446, 0.000188, 0.000903, 0.000058, 0.000097
55888721, 22199264.202244, 0.000419, 0.000930, 0.000045, 0.000091
55888722, 22199272.553585, 0.000266, 0.000843, 0.000045, 0.000084
55888723, 22199280.588890, 0.000186, 0.000916, 0.000046, 0.000081
55888724, 22199288.998756, 0.000436, 0.000919, 0.000049, 0.000091
55888725, 22199297.084657, 0.000180, 0.000949, 0.000046, 0.000081
55888726, 22199305.310641, 0.000175, 0.000880, 0.000046, 0.000082
55888727, 22199314.107905, 0.000428, 0.000915, 0.000047, 0.000083
55888728, 22199322.409406, 0.000261, 0.000800, 0.000040, 0.000071
55888729, 22199330.343897, 0.000175, 0.000880, 0.000051, 0.000088
55888730, 22199340.938825, 0.000372, 0.000914, 0.000049, 0.000089
55888731, 22199347.202142, 0.000166, 0.000935, 0.000050, 0.000087
55888732, 22199356.427961, 0.000188, 0.000903, 0.000050, 0.000092
55888733, 22199363.601248, 0.000172, 0.000885, 0.000047, 0.000086
55888734, 22199372.102489, 0.000187, 0.000788, 0.000041, 0.000071
55888735, 22199380.490077, 0.000185, 0.000901, 0.000049, 0.000086
55888736, 22199388.991318, 0.000257, 0.000907, 0.000048, 0.000080
55888737, 22199397.121396, 0.000176, 0.000912, 0.000054, 0.000088
55888738, 22199405.415344, 0.000169, 0.000917, 0.000049, 0.000085
55888739, 22199413.964538, 0.000367, 0.000872, 0.000051, 0.000089
55888740, 22199422.203359, 0.000153, 0.000822, 0.000043, 0.000076
55888741, 22199430.452753, 0.000196, 0.000897, 0.000048, 0.000087
55888742, 22199439.459953, 0.000453, 0.000948, 0.000053, 0.000096
55888743, 22199447.144108, 0.000194, 0.000934, 0.000053, 0.000091
55888744, 22199455.421065, 0.000201, 0.000983, 0.000059, 0.000100
55888745, 22199464.008771, 0.000199, 0.001017, 0.000150, 0.000101
55888746, 22199472.271381, 0.000181, 0.000939, 0.000050, 0.000089
55888747, 22199480.479618, 0.000169, 0.000938, 0.000047, 0.000083
55888748, 22199488.853614, 0.000184, 0.000948, 0.000051, 0.000098
55888749, 22199497.222323, 0.000181, 0.000919, 0.000048, 0.000090
55888750, 22199505.734136, 0.000181, 0.000904, 0.000045, 0.000080
55888751, 22199513.579518, 0.000172, 0.000825, 0.000045, 0.000083
55888752, 22199522.044133, 0.000160, 0.000811, 0.000043, 0.000081
55888753, 22199530.430967, 0.000171, 0.000980, 0.000057, 0.000100
55888754, 22199539.148939, 0.000232, 0.001253, 0.000067, 0.000094
55888755, 22199547.498392, 0.000219, 0.001130, 0.000057, 0.000098
55888756, 22199555.446854, 0.000202, 0.000954, 0.000053, 0.000096
55888757, 22199563.720790, 0.000166, 0.000841, 0.000045, 0.000081
55888758, 22199571.916568, 0.000159, 0.000860, 0.000045, 0.000083
55888759, 22199581.010233, 0.000176, 0.001081, 0.000060, 0.000101
55888760, 22199588.750270, 0.000178, 0.000918, 0.000050, 0.000093
55888761, 22199597.038932, 0.000161, 0.000905, 0.000058, 0.000094
55888762, 22199605.456727, 0.000209, 0.000917, 0.000048, 0.000091
55888763, 22199613.619278, 0.000182, 0.000866, 0.000048, 0.000078
55888764, 22199622.529439, 0.000201, 0.000838, 0.000045, 0.000085
55888765, 22199630.331776, 0.000156, 0.000781, 0.000041, 0.000074
55888766, 22199638.674433, 0.000183, 0.000850, 0.000047, 0.000084
55888767, 22199647.043142, 0.000188, 0.000806, 0.000044, 0.000074
55888768, 22199655.348796, 0.000169, 0.000824, 0.000045, 0.000085
55888769, 22199663.954626, 0.000220, 0.000880, 0.000050, 0.000091
55888770, 22199672.376197, 0.000178, 0.000845, 0.000048, 0.000084
55888771, 22199680.232529, 0.000160, 0.000805, 0.000040, 0.000071
55888772, 22199689.068684, 0.000169, 0.000819, 0.000044, 0.000084
55888773, 22199696.993736, 0.000168, 0.000853, 0.000051, 0.000089
55888774, 22199706.185195, 0.000191, 0.000905, 0.000047, 0.000093
55888775, 22199713.724358, 0.000173, 0.000869, 0.000052, 0.000091
55888776, 22199722.072679, 0.000184, 0.000945, 0.000055, 0.000094
55888777, 22199730.421376, 0.000168, 0.000936, 0.000052, 0.000097
55888778, 22199739.450098, 0.000391, 0.000939, 0.000051, 0.000085
55888779, 22199749.155822, 0.000267, 0.000895, 0.000046, 0.000076
55888780, 22199755.328142, 0.000173, 0.000887, 0.000049, 0.000080
55888781, 22199764.130692, 0.000417, 0.000805, 0.000043, 0.000078
55888782, 22199772.070470, 0.000255, 0.000871, 0.000053, 0.000086
55888783, 22199780.337988, 0.000162, 0.000898, 0.000047, 0.000088
55888784, 22199788.951747, 0.000433, 0.000969, 0.000049, 0.000091
55888785, 22199797.130533, 0.000160, 0.000862, 0.000047, 0.000083
55888786, 22199805.893815, 0.000422, 0.001060, 0.000044, 0.000080
55888787, 22199813.998218, 0.000410, 0.000832, 0.000049, 0.000081
55888788, 22199822.200792, 0.000254, 0.000973, 0.000048, 0.000081
55888789, 22199830.368251, 0.000183, 0.000893, 0.000048, 0.000091
55888790, 22199839.026187, 0.000420, 0.000942, 0.000047, 0.000082
55888791, 22199847.046390, 0.000160, 0.000915, 0.000050, 0.000088
55888792, 22199855.760586, 0.000169, 0.000897, 0.000050, 0.000089
55888793, 22199864.050381, 0.000410, 0.000826, 0.000043, 0.000078
55888794, 22199871.844412, 0.000170, 0.000861, 0.000048, 0.000086
55888795, 22199880.358113, 0.000208, 0.000910, 0.000052, 0.000086
55888796, 22199888.559931, 0.000180, 0.000867, 0.000052, 0.000085
55888797, 22199896.987921, 0.000165, 0.000856, 0.000046, 0.000086
55888798, 22199905.327557, 0.000165, 0.000871, 0.000047, 0.000081
55888799, 22199913.646426, 0.000150, 0.000849, 0.000045, 0.000077
55888800, 22199921.936598, 0.000170, 0.000869, 0.000049, 0.000083
55888801, 22199930.332494, 0.000167, 0.000839, 0.000043, 0.000079
55888802, 22199938.933416, 0.000160, 0.000867, 0.000046, 0.000087
55888803, 22199946.804096, 0.000154, 0.000775, 0.000041, 0.000079
55888804, 22199955.380852, 0.000161, 0.000935, 0.000053, 0.000094
55888805, 22199963.777125, 0.000147, 0.000786, 0.000045, 0.000078
55888806, 22199972.564950, 0.000155, 0.000785, 0.000044, 0.000086
55888807, 22199980.135075, 0.000148, 0.000775, 0.000043, 0.000078
55888808, 22199988.489814, 0.000150, 0.000779, 0.000045, 0.000087
55888809, 22199996.726371, 0.000158, 0.000754, 0.000046, 0.000088
55888810, 22200005.104520, 0.000155, 0.000813, 0.000048, 0.000081
55888811, 22200013.638987, 0.000162, 0.000813, 0.000046, 0.000076
55888812, 22200021.918210, 0.000168, 0.000897, 0.000048, 0.000090
55888813, 22200030.281256, 0.000153, 0.000827, 0.000046, 0.000084
55888814, 22200038.811948, 0.000215, 0.000844, 0.000046, 0.000092
55888815, 22200047.052657, 0.000156, 0.000802, 0.000048, 0.000083
55888816, 22200055.808765, 0.000162, 0.000882, 0.000050, 0.000091
55888817, 22200063.519728, 0.000157, 0.000816, 0.000046, 0.000083
55888818, 22200071.903919, 0.000188, 0.000840, 0.000047, 0.000091
55888819, 22200080.115932, 0.000162, 0.000790, 0.000047, 0.000079
55888820, 22200088.626235, 0.000169, 0.000843, 0.000048, 0.000082
55888821, 22200096.962850, 0.000201, 0.000800, 0.000047, 0.000086
55888822, 22200105.223571, 0.000212, 0.000853, 0.000048, 0.000086
55888823, 22200113.513366, 0.000203, 0.000789, 0.000046, 0.000083
55888824, 22200121.931916, 0.000156, 0.000792, 0.000047, 0.000079
55888825, 22200130.168850, 0.000151, 0.000780, 0.000042, 0.000076
55888826, 22200138.581359, 0.000169, 0.000744, 0.000044, 0.000084
55888827, 22200147.013125, 0.000159, 0.000784, 0.000047, 0.000084
55888828, 22200155.360312, 0.000155, 0.000761, 0.000044, 0.000083
55888829, 22200163.661435, 0.000159, 0.000772, 0.000047, 0.000089
55888830, 22200171.738651, 0.000160, 0.000780, 0.000047, 0.000091
55888831, 22200180.325603, 0.000154, 0.000796, 0.000048, 0.000082
55888832, 22200188.695823, 0.000161, 0.000816, 0.000047, 0.000089
55888833, 22200197.059624, 0.000157, 0.000888, 0.000049, 0.000089
55888834, 22200205.269749, 0.000157, 0.000864, 0.000048, 0.000093
55888835, 22200213.642235, 0.000161, 0.000826, 0.000048, 0.000096
55888836, 22200222.000372, 0.000175, 0.000907, 0.000050, 0.000091
55888837, 22200230.178403, 0.000152, 0.000840, 0.000051, 0.000094
55888838, 22200238.826900, 0.000161, 0.000854, 0.000049, 0.000092
55888839, 22200246.993604, 0.000166, 0.000822, 0.000050, 0.000092
55888840, 22200255.180697, 0.000163, 0.000841, 0.000048, 0.000094
55888841, 22200263.512403, 0.000165, 0.000832, 0.000046, 0.000091
55888842, 22200272.501101, 0.000165, 0.000855, 0.000052, 0.000090
55888843, 22200280.803356, 0.000181, 0.000888, 0.000050, 0.000101
55888844, 22200288.717458, 0.000206, 0.000950, 0.000054, 0.000099
55888845, 22200297.362557, 0.000202, 0.000900, 0.000055, 0.000101
55888846, 22200305.983868, 0.000206, 0.000985, 0.000057, 0.000104
55888847, 22200313.889663, 0.000190, 0.000962, 0.000053, 0.000104
55888848, 22200322.133394, 0.000206, 0.000951, 0.000056, 0.000098
55888849, 22200330.420168, 0.000191, 0.000961, 0.000052, 0.000096
55888850, 22200339.613515, 0.000226, 0.000940, 0.000048, 0.000099
55888851, 22200346.767923, 0.000145, 0.000807, 0.000047, 0.000085
55888852, 22200355.155134, 0.000156, 0.000820, 0.000046, 0.000085
55888853, 22200364.373024, 0.000413, 0.000872, 0.000042, 0.000077
55888854, 22200372.057934, 0.000232, 0.000830, 0.000047, 0.000092
55888855, 22200380.513865, 0.000156, 0.000846, 0.000047, 0.000091
55888856, 22200388.510657, 0.000161, 0.000849, 0.000047, 0.000096
55888857, 22200397.002458, 0.000237, 0.000800, 0.000044, 0.000091
55888858, 22200406.091970, 0.000461, 0.001173, 0.000049, 0.000099
55888859, 22200414.001918, 0.000432, 0.000954, 0.000047, 0.000095
55888860, 22200422.013059, 0.000169, 0.000874, 0.000046, 0.000089
55888861, 22200430.366287, 0.000177, 0.000870, 0.000045, 0.000086
55888862, 22200439.303256, 0.000412, 0.000944, 0.000048, 0.000092
55888863, 22200447.164119, 0.000300, 0.000901, 0.000046, 0.000083
55888864, 22200455.283248, 0.000153, 0.000803, 0.000044, 0.000086
55888865, 22200463.917397, 0.000374, 0.000856, 0.000046, 0.000082
55888866, 22200472.153953, 0.000267, 0.000884, 0.000048, 0.000096
55888867, 22200480.388621, 0.000158, 0.000870, 0.000046, 0.000079
55888868, 22200489.095643, 0.000330, 0.000896, 0.000047, 0.000079
55888869, 22200497.059586, 0.000217, 0.000816, 0.000040, 0.000072
55888870, 22200505.340319, 0.000163, 0.000891, 0.000043, 0.000085
55888871, 22200513.982397, 0.000417, 0.000900, 0.000046, 0.000083
55888872, 22200522.480240, 0.000276, 0.000887, 0.000047, 0.000091
55888873, 22200530.307875, 0.000163, 0.000853, 0.000048, 0.000082
55888874, 22200539.166685, 0.000350, 0.000870, 0.000048, 0.000085
55888875, 22200546.933908, 0.000147, 0.000778, 0.000043, 0.000078
55888876, 22200555.418535, 0.000173, 0.000891, 0.000050, 0.000091
55888877, 22200563.686430, 0.000175, 0.000864, 0.000047, 0.000085
55888878, 22200572.724214, 0.000309, 0.000853, 0.000047, 0.000087
55888879, 22200580.238080, 0.000152, 0.000812, 0.000043, 0.000076
55888880, 22200588.548264, 0.000176, 0.000762, 0.000043, 0.000075
55888881, 22200597.275676, 0.000209, 0.000777, 0.000043, 0.000078
55888882, 22200605.348739, 0.000153, 0.000762, 0.000042, 0.000079
55888883, 22200614.095785, 0.000477, 0.000937, 0.000048, 0.000090
55888884, 22200621.975905, 0.000163, 0.000861, 0.000047, 0.000087
55888885, 22200630.322337, 0.000167, 0.000856, 0.000047, 0.000100
55888886, 22200638.717099, 0.000169, 0.000917, 0.000050, 0.000093
55888887, 22200647.243260, 0.000153, 0.000774, 0.000043, 0.000080
55888888, 22200655.947640, 0.000410, 0.001105, 0.000044, 0.000083
55888889, 22200663.557411, 0.000186, 0.000861, 0.000052, 0.000090
55888890, 22200672.295395, 0.000169, 0.000924, 0.000049, 0.000083
55888891, 22200680.350334, 0.000177, 0.000887, 0.000047, 0.000085
55888892, 22200689.133628, 0.000406, 0.000874, 0.000047, 0.000089
55888893, 22200697.051128, 0.000174, 0.000774, 0.000040, 0.000073
55888894, 22200705.873313, 0.000458, 0.001047, 0.000046, 0.000082
55888895, 22200713.822152, 0.000214, 0.000895, 0.000047, 0.000084
55888896, 22200722.233528, 0.000233, 0.000884, 0.000049, 0.000090
55888897, 22200730.314143, 0.000175, 0.000854, 0.000043, 0.000083
55888898, 22200739.269236, 0.000414, 0.000862, 0.000045, 0.000086
55888899, 22200747.222229, 0.000303, 0.000761, 0.000041, 0.000074
55888900, 22200755.376095, 0.000157, 0.000804, 0.000046, 0.000086
55888901, 22200763.767459, 0.000349, 0.000826, 0.000047, 0.000081
55888902, 22200772.950989, 0.000432, 0.001218, 0.000046, 0.000078
55888903, 22200780.878684, 0.000396, 0.001070, 0.000045, 0.000073
55888904, 22200788.910591, 0.000348, 0.000839, 0.000048, 0.000091
55888905, 22200796.946274, 0.000152, 0.000805, 0.000043, 0.000074
55888906, 22200805.366334, 0.000169, 0.000841, 0.000049, 0.000104
55888907, 22200813.617616, 0.000170, 0.000835, 0.000046, 0.000086
55888908, 22200822.074302, 0.000183, 0.000890, 0.000052, 0.000096
55888909, 22200830.347861, 0.000177, 0.000854, 0.000041, 0.000073
55888910, 22200838.999002, 0.000394, 0.000808, 0.000045, 0.000081
55888911, 22200847.138519, 0.000314, 0.000795, 0.000041, 0.000076
55888912, 22200855.309754, 0.000166, 0.000826, 0.000046, 0.000081
55888913, 22200864.650357, 0.000431, 0.000884, 0.000046, 0.000085
55888914, 22200872.686040, 0.000443, 0.001183, 0.000046, 0.000077
55888915, 22200880.368307, 0.000171, 0.000893, 0.000040, 0.000066
55888916, 22200889.093453, 0.000467, 0.000824, 0.000042, 0.000072
55888917, 22200897.617726, 0.000422, 0.001218, 0.000047, 0.000081
55888918, 22200905.595639, 0.000178, 0.000898, 0.000048, 0.000087
55888919, 22200914.537895, 0.000389, 0.000844, 0.000049, 0.000089
55888920, 22200921.977755, 0.000184, 0.000876, 0.000050, 0.000087
55888921, 22200930.372140, 0.000189, 0.000914, 0.000046, 0.000077
55888922, 22200939.076141, 0.000402, 0.000793, 0.000044, 0.000077
55888923, 22200947.749559, 0.000418, 0.001256, 0.000048, 0.000089
55888924, 22200955.984605, 0.000407, 0.001059, 0.000047, 0.000089
55888925, 22200963.546046, 0.000158, 0.000905, 0.000048, 0.000088
55888926, 22200972.009906, 0.000205, 0.000887, 0.000048, 0.000093
55888927, 22200980.425435, 0.000161, 0.000896, 0.000045, 0.000088
55888928, 22200989.004080, 0.000397, 0.000834, 0.000044, 0.000080
55888929, 22200996.896660, 0.000153, 0.000807, 0.000042, 0.000071
55888930, 22201005.346172, 0.000169, 0.000973, 0.000046, 0.000084
